"n.sites","Parameter","mu.bias","sd.bias","mu.p.bias","mu.CV","og.val","bias.lci","bias.uci","CR","PWR","Conv.rate","ndatasets","Lik","Scenario","order","CoefReg"
20,"f1.0",-0.278201150797341,2.07218709368222,0.695502876993353,6.61523599567422,-0.4,-4.33968785441449,3.78328555281981,1,0,1,91,"LL","1 Slope","1st","Intercept"
20,"f12.0",-1.49816340636215,7.88963086690138,2.49693901060358,14.6561406928317,-0.6,-16.9618399054889,13.9655130927646,0.989010989010989,0,1,91,"LL","1 Slope","2nd","Intercept"
20,"f12.1",1.8420953307952,7.5104038707349,2.30261916349399,5.08346043800025,0.8,-12.8782962558452,16.5624869174356,0.934065934065934,0,1,91,"LL","1 Slope","2nd","Slope"
20,"f2.0",-0.0138013244226229,2.28604466851496,0.0345033110565573,6.26167079124256,-0.4,-4.49444887471194,4.46684622586669,1,0.010989010989011,1,91,"LL","1 Slope","1st","Intercept"
33,"f1.0",-0.167822540641461,1.50316685550233,0.419556351603651,15.8743328330384,-0.4,-3.11402957742603,2.7783844961431,1,0.0416666666666667,1,96,"LL","1 Slope","1st","Intercept"
33,"f12.0",-0.519173119806701,4.33131345364916,0.865288533011169,5.08693598923183,-0.6,-9.00854748895905,7.97020124934565,1,0.0104166666666667,1,96,"LL","1 Slope","2nd","Intercept"
33,"f12.1",0.377636665507566,2.07337037969644,0.472045831884458,2.847282100418,0.8,-3.68616927869745,4.44144260971258,0.9375,0.09375,1,96,"LL","1 Slope","2nd","Slope"
33,"f2.0",0.149675527973982,1.21264657769744,-0.374188819934954,8.2247369662151,-0.4,-2.227111764313,2.52646282026096,1,0.0520833333333333,1,96,"LL","1 Slope","1st","Intercept"
54,"f1.0",0.0394257191715553,0.418770270917309,-0.0985642979288882,3.89699919260487,-0.4,-0.781364011826371,0.860215450169481,0.99,0.12,1,100,"LL","1 Slope","1st","Intercept"
54,"f12.0",-0.458152663764389,1.86431047251016,0.763587772940648,3.7226532984436,-0.6,-4.1122011898843,3.19589586235552,1,0.02,1,100,"LL","1 Slope","2nd","Intercept"
54,"f12.1",0.304813269577649,1.25850100023646,0.381016586972061,115.899573391669,0.8,-2.16184869088581,2.77147523004111,0.97,0.12,1,100,"LL","1 Slope","2nd","Slope"
54,"f2.0",0.0551800690090937,0.442104744746428,-0.137950172522734,11.2918003507018,-0.4,-0.811345230693906,0.921705368712093,0.99,0.1,1,100,"LL","1 Slope","1st","Intercept"
90,"f1.0",0.0384910649909286,0.372253317391047,-0.0962276624773214,10.3009553429123,-0.4,-0.691125437095523,0.76810756707738,0.97,0.2,1,100,"LL","1 Slope","1st","Intercept"
90,"f12.0",-0.0816775199718922,0.69716003958848,0.136129199953154,1.66493490652916,-0.6,-1.44811119756531,1.28475615762153,1,0.08,1,100,"LL","1 Slope","2nd","Intercept"
90,"f12.1",0.118467575871506,0.572488185045222,0.148084469839383,0.774303982346104,0.8,-1.00360926681713,1.24054441856014,0.95,0.43,1,100,"LL","1 Slope","2nd","Slope"
90,"f2.0",0.00444267163965896,0.324284483371166,-0.0111066790991474,2.13130744644958,-0.4,-0.631154915767826,0.640040259047144,0.97,0.18,1,100,"LL","1 Slope","1st","Intercept"
148,"f1.0",0.0670704048673691,0.276088887121913,-0.167676012168423,1.78900547922642,-0.4,-0.474063813891581,0.608204623626319,0.95,0.21,1,100,"LL","1 Slope","1st","Intercept"
148,"f12.0",-0.147643420623897,0.59575305922814,0.246072367706494,20.3054184119783,-0.6,-1.31531941671105,1.02003257546326,0.91,0.25,1,100,"LL","1 Slope","2nd","Intercept"
148,"f12.1",0.00900257002574893,0.376212831986148,0.0112532125321862,2.45102392175306,0.8,-0.728374580667101,0.746379720718599,0.95,0.63,1,100,"LL","1 Slope","2nd","Slope"
148,"f2.0",0.0629414439084521,0.247451379934474,-0.15735360977113,2.52838097865569,-0.4,-0.422063260763116,0.547946148580021,0.96,0.24,1,100,"LL","1 Slope","1st","Intercept"
244,"f1.0",-0.000918269600279056,0.202255881804183,0.00229567400069764,1.14224948104177,-0.4,-0.397339797936478,0.39550325873592,0.94,0.49,1,100,"LL","1 Slope","1st","Intercept"
244,"f12.0",-0.0340695190331121,0.369902462199566,0.0567825317218534,1.63753508605774,-0.6,-0.759078344944261,0.690939306878037,0.97,0.37,1,100,"LL","1 Slope","2nd","Intercept"
244,"f12.1",0.0303808856279336,0.303257496548127,0.037976107034917,0.48137542729018,0.8,-0.564003807606396,0.624765578862263,0.94,0.86,1,100,"LL","1 Slope","2nd","Slope"
244,"f2.0",0.0145778629250879,0.212942617908263,-0.0364446573127198,1.47426735163653,-0.4,-0.402789668175108,0.431945394025284,0.93,0.46,1,100,"LL","1 Slope","1st","Intercept"
403,"f1.0",0.0268255359105887,0.144346310306412,-0.0670638397764717,0.958666066479113,-0.4,-0.256093232289979,0.309744304111156,0.97,0.7,1,100,"LL","1 Slope","1st","Intercept"
403,"f12.0",-0.113798369266776,0.313458907726616,0.18966394877796,0.668296943194423,-0.6,-0.728177828410943,0.500581089877392,0.95,0.67,1,100,"LL","1 Slope","2nd","Intercept"
403,"f12.1",0.0661742435033038,0.229930224134618,0.0827178043791297,0.27097975134264,0.8,-0.384488995800547,0.516837482807155,0.95,0.99,1,100,"LL","1 Slope","2nd","Slope"
403,"f2.0",0.012136718812434,0.138074994714249,-0.0303417970310851,0.593054972446212,-0.4,-0.258490270827493,0.282763708452361,0.97,0.75,1,100,"LL","1 Slope","1st","Intercept"
665,"f1.0",0.000253752808892939,0.12376100125437,-0.000634382022232345,0.354320493020188,-0.4,-0.242317809649672,0.242825315267458,0.93,0.88,1,100,"LL","1 Slope","1st","Intercept"
665,"f12.0",0.0147605436244182,0.22880568909138,-0.0246009060406969,0.468546398916668,-0.6,-0.433698606994686,0.463219694243523,0.94,0.72,1,100,"LL","1 Slope","2nd","Intercept"
665,"f12.1",-0.00753721248579573,0.158649779303266,-0.00942151560724466,0.209256835094228,0.8,-0.318490779920197,0.303416354948606,0.95,1,1,100,"LL","1 Slope","2nd","Slope"
665,"f2.0",-0.00872885379118451,0.123186052411246,0.0218221344779613,0.342051445196794,-0.4,-0.250173516517227,0.232715808934858,0.94,0.9,1,100,"LL","1 Slope","1st","Intercept"
1096,"f1.0",-0.00782307304521422,0.0945127776090481,0.0195576826130355,0.245077822660388,-0.4,-0.193068117158948,0.17742197106852,0.97,0.99,1,100,"LL","1 Slope","1st","Intercept"
1096,"f12.0",-0.00505131578084328,0.179446527211065,0.00841885963473879,0.328053097208595,-0.6,-0.356766509114531,0.346663877552845,0.94,0.92,1,100,"LL","1 Slope","2nd","Intercept"
1096,"f12.1",-0.00728804687445741,0.123064540579379,-0.00911005859307176,0.157137764115004,0.8,-0.248494546410039,0.233918452661125,0.95,1,1,100,"LL","1 Slope","2nd","Slope"
1096,"f2.0",0.00804761586696969,0.101350783557492,-0.0201190396674242,0.262714614123511,-0.4,-0.190599919905716,0.206695151639655,0.92,0.94,1,100,"LL","1 Slope","1st","Intercept"
1808,"f1.0",-0.00587339917335802,0.0711190958122707,0.0146834979333951,0.185768088328366,-0.4,-0.145266826965409,0.133520028618693,0.96,1,1,100,"LL","1 Slope","1st","Intercept"
1808,"f12.0",0.0188961913081304,0.121573109262574,-0.0314936521802174,0.245977921080496,-0.6,-0.219387102846514,0.257179485462775,0.98,1,1,100,"LL","1 Slope","2nd","Intercept"
1808,"f12.1",0.00716927146277575,0.0897882241201609,0.00896158932846969,0.11743887456006,0.8,-0.16881564781274,0.183154190738291,0.96,1,1,100,"LL","1 Slope","2nd","Slope"
1808,"f2.0",-0.00847485672110503,0.0761436632313848,0.0211871418027626,0.186007825414175,-0.4,-0.157716436654619,0.140766723212409,0.93,1,1,100,"LL","1 Slope","1st","Intercept"
2980,"f1.0",0.0120461084444901,0.0536721148626201,-0.0301152711112253,0.149426358482821,-0.4,-0.0931512366862452,0.117243453575225,0.98,1,1,100,"LL","1 Slope","1st","Intercept"
2980,"f12.0",-0.0129339792070031,0.0954815888284268,0.0215566320116719,0.178002214235107,-0.6,-0.20007789331072,0.174209934896713,0.97,1,1,100,"LL","1 Slope","2nd","Intercept"
2980,"f12.1",-0.00463091039199539,0.0670081228924826,-0.00578863798999423,0.0962318872661544,0.8,-0.135966831261261,0.126705010477271,0.97,1,1,100,"LL","1 Slope","2nd","Slope"
2980,"f2.0",0.00593914507932898,0.041327387680946,-0.0148478626983224,0.145774843541423,-0.4,-0.0750625347753251,0.0869408249339831,1,1,1,100,"LL","1 Slope","1st","Intercept"
20,"f1.0",0.186689454968301,0.354825473849848,-0.466723637420753,28.034129890775,-0.4,-0.508768473777401,0.882147383714003,0.454545454545455,0.191919191919192,1,99,"PL","1 Slope","1st","Intercept"
20,"f12.0",0.376511629116186,0.701050520985137,-0.62751938186031,3.27338539854819,-0.6,-0.997547392014682,1.75057065024705,0.171717171717172,0.272727272727273,1,99,"PL","1 Slope","2nd","Intercept"
20,"f12.1",-0.439276862087823,0.651409156605954,-0.549096077609779,2.26810592619911,0.8,-1.71603880903549,0.837485084859846,0.202020202020202,0.151515151515152,1,99,"PL","1 Slope","2nd","Slope"
20,"f2.0",0.200446600249404,0.372174644376884,-0.501116500623509,5.04753911147172,-0.4,-0.529015702729289,0.929908903228096,0.343434343434343,0.141414141414141,1,99,"PL","1 Slope","1st","Intercept"
33,"f1.0",0.0865946735842832,0.871882140872687,-0.216486683960708,2.13711264996088,-0.4,-1.62229432252618,1.79548366969475,0.51,0.22,1,100,"PL","1 Slope","1st","Intercept"
33,"f12.0",0.31771085935917,1.38116940019603,-0.529518098931949,5.38794076801476,-0.6,-2.38938116502505,3.02480288374339,0.3,0.33,1,100,"PL","1 Slope","2nd","Intercept"
33,"f12.1",-0.51077618771997,0.587218600049129,-0.638470234649962,1.94843728442251,0.8,-1.66172464381626,0.640172268376324,0.24,0.18,1,100,"PL","1 Slope","2nd","Slope"
33,"f2.0",0.191685842383117,0.308375449134914,-0.479214605957794,1.80916106456018,-0.4,-0.412730037921314,0.796101722687549,0.5,0.19,1,100,"PL","1 Slope","1st","Intercept"
54,"f1.0",0.120980769727735,0.236931462417218,-0.302451924319338,1.17754696103834,-0.4,-0.343404896610011,0.585366436065482,0.64,0.25,1,100,"PL","1 Slope","1st","Intercept"
54,"f12.0",0.0754504130536918,1.64272747879796,-0.12575068842282,1.37471529080991,-0.6,-3.14429544539031,3.29519627149769,0.31,0.4,1,100,"PL","1 Slope","2nd","Intercept"
54,"f12.1",-0.412467423789555,0.728169295528655,-0.515584279736944,114.732482098413,0.8,-1.83967924302572,1.01474439544661,0.19,0.37,1,100,"PL","1 Slope","2nd","Slope"
54,"f2.0",0.145581679393924,0.255487614761926,-0.363954198484811,1.24066099488758,-0.4,-0.355174045539451,0.6463374043273,0.68,0.32,1,100,"PL","1 Slope","1st","Intercept"
90,"f1.0",0.103564678255402,0.241159991770819,-0.258911695638505,2.70714051464634,-0.4,-0.369108905615404,0.576238262126207,0.76,0.37,1,100,"PL","1 Slope","1st","Intercept"
90,"f12.0",0.240761884787916,0.359249461304351,-0.401269807979861,1.04604959720669,-0.6,-0.463367059368611,0.944890828944444,0.41,0.48,1,100,"PL","1 Slope","2nd","Intercept"
90,"f12.1",-0.30534782031565,0.467953822394102,-0.381684775394563,0.668727672475871,0.8,-1.22253731220809,0.611841671576789,0.34,0.51,1,100,"PL","1 Slope","2nd","Slope"
90,"f2.0",0.0813439811126741,0.21361834382607,-0.203359952781685,1.61834172556254,-0.4,-0.337347972786424,0.500035935011772,0.82,0.44,1,100,"PL","1 Slope","1st","Intercept"
148,"f1.0",0.0950402004087538,0.20469590898597,-0.237600501021884,1.18654264731057,-0.4,-0.306163781203748,0.496244182021256,0.87,0.52,1,100,"PL","1 Slope","1st","Intercept"
148,"f12.0",0.118598236299428,0.422498681813555,-0.197663727165714,0.679284285903032,-0.6,-0.70949918005514,0.946695652653996,0.53,0.65,1,100,"PL","1 Slope","2nd","Intercept"
148,"f12.1",-0.279342376029058,0.343255351544064,-0.349177970036322,1.65815136290604,0.8,-0.952122865055422,0.393438112997307,0.48,0.68,1,100,"PL","1 Slope","2nd","Slope"
148,"f2.0",0.0870811734805178,0.183898202138252,-0.217702933701295,1.5759764495304,-0.4,-0.273359302710457,0.447521649671493,0.85,0.51,1,100,"PL","1 Slope","1st","Intercept"
244,"f1.0",0.0190646545616774,0.161437878006096,-0.0476616364041936,0.548335786744228,-0.4,-0.297353586330272,0.335482895453627,0.94,0.71,1,100,"PL","1 Slope","1st","Intercept"
244,"f12.0",0.128697517425481,0.271270170680808,-0.214495862375801,0.84509484132418,-0.6,-0.402992017108904,0.660387051959865,0.78,0.66,1,100,"PL","1 Slope","2nd","Intercept"
244,"f12.1",-0.185674793946906,0.296294013020075,-0.232093492433632,0.376331974408322,0.8,-0.766411059466252,0.395061471572441,0.61,0.88,1,100,"PL","1 Slope","2nd","Slope"
244,"f2.0",0.0308090660170669,0.174131505705588,-0.0770226650426672,0.562892252698183,-0.4,-0.310488685165886,0.37210681720002,0.91,0.65,1,100,"PL","1 Slope","1st","Intercept"
403,"f1.0",0.0329917126367612,0.126523964732259,-0.0824792815919031,0.470299474424326,-0.4,-0.214995258238467,0.28097868351199,0.92,0.79,1,100,"PL","1 Slope","1st","Intercept"
403,"f12.0",0.0177294499587298,0.274970927327107,-0.0295490832645496,0.443270182403973,-0.6,-0.521213567602401,0.55667246751986,0.79,0.82,1,100,"PL","1 Slope","2nd","Intercept"
403,"f12.1",-0.0799735248033935,0.23507401806796,-0.0999669060042419,0.250834522826186,0.8,-0.540718600216595,0.380771550609808,0.77,1,1,100,"PL","1 Slope","2nd","Slope"
403,"f2.0",0.0192239988569975,0.119138594453556,-0.0480599971424936,0.401980118564934,-0.4,-0.214287646271972,0.252735643985967,0.97,0.84,1,100,"PL","1 Slope","1st","Intercept"
665,"f1.0",0.00634806641117111,0.111650690932688,-0.0158701660279278,0.305432899133393,-0.4,-0.212487287816898,0.22518342063924,0.92,0.92,1,100,"PL","1 Slope","1st","Intercept"
665,"f12.0",0.0897078863612032,0.205755125967173,-0.149513143935339,0.394948808653698,-0.6,-0.313572160534457,0.492987933256863,0.88,0.85,1,100,"PL","1 Slope","2nd","Intercept"
665,"f12.1",-0.0969048544100282,0.161398963013476,-0.121131068012535,0.198206873670862,0.8,-0.413246821916441,0.219437113096384,0.8,1,1,100,"PL","1 Slope","2nd","Slope"
665,"f2.0",-0.00261877801770654,0.111275329792239,0.00654694504426636,0.296212623271941,-0.4,-0.220718424410495,0.215480868375082,0.94,0.94,1,100,"PL","1 Slope","1st","Intercept"
1096,"f1.0",-0.0065732145986928,0.0886715411762816,0.016433036496732,0.231471290047327,-0.4,-0.180369435304205,0.167223006106819,0.98,0.99,1,100,"PL","1 Slope","1st","Intercept"
1096,"f12.0",0.0441831737682451,0.166626856628498,-0.0736386229470752,0.301344188283505,-0.6,-0.282405465223611,0.370771812760101,0.9,0.95,1,100,"PL","1 Slope","2nd","Intercept"
1096,"f12.1",-0.0587082616982171,0.128561084202547,-0.0733853271227714,0.152519072877794,0.8,-0.310687986735209,0.193271463338775,0.85,1,1,100,"PL","1 Slope","2nd","Slope"
1096,"f2.0",0.00913084595797201,0.0951097122089819,-0.02282711489493,0.245047399527973,-0.4,-0.177284189971632,0.195545881887576,0.89,0.95,1,100,"PL","1 Slope","1st","Intercept"
1808,"f1.0",-0.0045981508929529,0.0677061987969678,0.0114953772323823,0.17438804865072,-0.4,-0.13730230053501,0.128105998749104,0.97,1,1,100,"PL","1 Slope","1st","Intercept"
1808,"f12.0",0.0549266777121864,0.118033952629365,-0.091544462853644,0.230656736456408,-0.6,-0.176419869441369,0.286273224865742,0.95,1,1,100,"PL","1 Slope","2nd","Intercept"
1808,"f12.1",-0.0309506778685058,0.0941035213932398,-0.0386883473356322,0.113499366575077,0.8,-0.215393579799256,0.153492224062244,0.91,1,1,100,"PL","1 Slope","2nd","Slope"
1808,"f2.0",-0.0072243336296407,0.0728503886462725,0.0180608340741017,0.173258816664462,-0.4,-0.150011095376335,0.135562428117053,0.91,1,1,100,"PL","1 Slope","1st","Intercept"
2980,"f1.0",0.0116973084593304,0.0527312333503337,-0.0292432711483261,0.143952084118918,-0.4,-0.0916559089073236,0.115050525825984,0.98,1,1,100,"PL","1 Slope","1st","Intercept"
2980,"f12.0",0.00881996618559919,0.0951711539214168,-0.0146999436426653,0.172799062993819,-0.6,-0.177715495500378,0.195355427871576,0.95,1,1,100,"PL","1 Slope","2nd","Intercept"
2980,"f12.1",-0.0265135275324755,0.0679889949349269,-0.0331419094155944,0.0948947502202001,0.8,-0.159771957604932,0.106744902539981,0.93,1,1,100,"PL","1 Slope","2nd","Slope"
2980,"f2.0",0.0056344727352575,0.0404697985639871,-0.0140861818381437,0.140290741844305,-0.4,-0.0736863324501573,0.0849552779206723,0.98,1,1,100,"PL","1 Slope","1st","Intercept"
20,"f1.0",0.00635962420949389,4.14749109089762,-0.0317981210474695,148.3627442768,-0.2,-8.12272291394984,8.13544216236883,1,0,1,96,"LL","3 Slopes","1st","Intercept"
20,"f1.1",0.482303230615491,1.90956000427519,1.60767743538497,6.54457877060846,0.3,-3.26043437776388,4.22504083899486,0.989583333333333,0.0208333333333333,1,96,"LL","3 Slopes","1st","Slope"
20,"f12.0",-1.66300980232504,6.7091606612569,2.77168300387507,9.42536242899546,-0.6,-14.8129646983886,11.4869450937385,1,0,1,96,"LL","3 Slopes","2nd","Intercept"
20,"f12.1",1.79335391907549,4.59313325812125,2.24169239884436,42.2040286159401,0.8,-7.20918726684217,10.7958951049931,0.958333333333333,0,1,96,"LL","3 Slopes","2nd","Slope"
20,"f2.0",1.54937952208283,14.3319872436527,-2.58229920347138,4.63509819374834,-0.6,-26.5413154754765,29.6400745196422,1,0.0416666666666667,1,96,"LL","3 Slopes","1st","Intercept"
20,"f2.1",1.766324735725,12.8435553848777,3.53264947145001,4.84733769346843,0.5,-23.4070438186352,26.9396932900852,1,0.0104166666666667,1,96,"LL","3 Slopes","1st","Slope"
33,"f1.0",0.018185957055436,1.62011222718811,-0.09092978527718,5.73759263994366,-0.2,-3.15723400823326,3.19360592234413,1,0.0309278350515464,1,97,"LL","3 Slopes","1st","Intercept"
33,"f1.1",0.163099777527322,0.706991857663551,0.543665925091073,3.33164899175191,0.3,-1.22260426349324,1.54880381854788,0.969072164948454,0.0515463917525773,1,97,"LL","3 Slopes","1st","Slope"
33,"f12.0",-0.927736762178989,4.02061322043988,1.54622793696498,3.52067717037953,-0.6,-8.80813867424115,6.95266514988317,0.979381443298969,0,1,97,"LL","3 Slopes","2nd","Intercept"
33,"f12.1",0.848752881888488,1.9046025559722,1.06094110236061,11.3629601016571,0.8,-2.88426812781703,4.58177389159401,0.979381443298969,0.0206185567010309,1,97,"LL","3 Slopes","2nd","Slope"
33,"f2.0",-0.175988439812998,2.30614512916061,0.293314066354997,2.57198749196606,-0.6,-4.6960328929678,4.34405601334181,0.989690721649485,0.0721649484536082,1,97,"LL","3 Slopes","1st","Intercept"
33,"f2.1",0.294447844594872,0.876628297821353,0.588895689189743,2.81753656728098,0.5,-1.42374361913498,2.01263930832472,0.979381443298969,0.0721649484536082,1,97,"LL","3 Slopes","1st","Slope"
54,"f1.0",0.116507761684833,0.712416812248347,-0.582538808424166,18.0797452796495,-0.2,-1.27982919032193,1.51284471369159,0.95,0.07,1,100,"LL","3 Slopes","1st","Intercept"
54,"f1.1",0.1160943369564,0.483088506981673,0.386981123187999,2.49415210782867,0.3,-0.83075913672768,1.06294781064048,0.99,0.15,1,100,"LL","3 Slopes","1st","Slope"
54,"f12.0",-0.671310155940988,3.97825060137927,1.11885025990165,5.38015852948181,-0.6,-8.46868133464436,7.12606102276238,0.96,0.09,1,100,"LL","3 Slopes","2nd","Intercept"
54,"f12.1",0.580920064859658,2.85610309300343,0.726150081074573,3.19210002083915,0.8,-5.01704199742706,6.17888212714638,0.96,0.15,1,100,"LL","3 Slopes","2nd","Slope"
54,"f2.0",0.00627226944756069,0.937019984838773,-0.0104537824126012,2.10043662149366,-0.6,-1.83028690083644,1.84283143973156,0.97,0.2,1,100,"LL","3 Slopes","1st","Intercept"
54,"f2.1",0.101915692292588,0.627083151049891,0.203831384585177,2.99062865084408,0.5,-1.1271672837652,1.33099866835038,0.99,0.18,1,100,"LL","3 Slopes","1st","Slope"
90,"f1.0",-0.00320508784981722,0.320970587671976,0.0160254392490861,18.79794619445,-0.2,-0.63230743968689,0.625897263987256,0.97,0.09,1,100,"LL","3 Slopes","1st","Intercept"
90,"f1.1",-0.0220677089488897,0.204154747351654,-0.0735590298296325,2.28132226875539,0.3,-0.422211013758131,0.378075595860351,0.99,0.16,1,100,"LL","3 Slopes","1st","Slope"
90,"f12.0",-0.0895002277244825,0.765535842139352,0.149167046207471,1.91463368037241,-0.6,-1.58995047831761,1.41095002286865,0.95,0.14,1,100,"LL","3 Slopes","2nd","Intercept"
90,"f12.1",0.0386077682024792,0.440813935394637,0.048259710253099,0.921537477065243,0.8,-0.825387545171009,0.902603081575967,0.97,0.48,1,100,"LL","3 Slopes","2nd","Slope"
90,"f2.0",-0.0240075758115764,0.371523142656651,0.0400126263526274,3.11591729285354,-0.6,-0.752192935418613,0.70417778379546,0.98,0.39,1,100,"LL","3 Slopes","1st","Intercept"
90,"f2.1",0.120655758935466,0.257189655316294,0.241311517870933,0.505337378244139,0.5,-0.38343596548447,0.624747483355403,0.97,0.63,1,100,"LL","3 Slopes","1st","Slope"
148,"f1.0",-0.0156955597141364,0.289528986094396,0.0784777985706818,9.25257325234653,-0.2,-0.583172372459152,0.551781253030879,0.93,0.15,1,100,"LL","3 Slopes","1st","Intercept"
148,"f1.1",0.00658798567329334,0.233809997334153,0.0219599522443111,1.6198326907673,0.3,-0.451679609101646,0.464855580448233,0.94,0.35,1,100,"LL","3 Slopes","1st","Slope"
148,"f12.0",-0.0622497825731097,0.547387882885655,0.103749637621849,2.66693027514822,-0.6,-1.13513003302899,1.01063046788277,0.95,0.23,1,100,"LL","3 Slopes","2nd","Intercept"
148,"f12.1",0.0422151492417582,0.345556045656961,0.0527689365521977,0.457447801553003,0.8,-0.635074700245885,0.719504998729402,0.96,0.76,1,100,"LL","3 Slopes","2nd","Slope"
148,"f2.0",-0.0175483629349783,0.282007176786446,0.0292472715582971,0.574683821432362,-0.6,-0.570282429436413,0.535185703566456,0.97,0.61,1,100,"LL","3 Slopes","1st","Intercept"
148,"f2.1",0.0150261194946502,0.197313640100699,0.0300522389893004,0.474623462238488,0.5,-0.37170861510272,0.40176085409202,0.98,0.75,1,100,"LL","3 Slopes","1st","Slope"
244,"f1.0",0.0409873385201152,0.174943283358162,-0.204936692600576,3.98016423447806,-0.2,-0.301901496861883,0.383876173902113,0.97,0.12,1,100,"LL","3 Slopes","1st","Intercept"
244,"f1.1",-0.0358841964643231,0.157038954275111,-0.11961398821441,1.27214360755457,0.3,-0.34368054684354,0.271912153914894,0.96,0.43,1,100,"LL","3 Slopes","1st","Slope"
244,"f12.0",-0.0793719444188959,0.370897597189071,0.132286574031493,0.996743668010226,-0.6,-0.806331234909475,0.647587346071684,0.94,0.42,1,100,"LL","3 Slopes","2nd","Intercept"
244,"f12.1",0.0311731026405332,0.310515054087471,0.0389663783006665,0.400579984911194,0.8,-0.577436403370909,0.639782608651976,0.92,0.87,1,100,"LL","3 Slopes","2nd","Slope"
244,"f2.0",-0.000520168968130095,0.194784324770341,0.000866948280216825,0.507866910524518,-0.6,-0.382297445517998,0.381257107581737,0.96,0.82,1,100,"LL","3 Slopes","1st","Intercept"
244,"f2.1",-0.00680763692253925,0.192776308395806,-0.0136152738450785,0.429960220356206,0.5,-0.384649201378319,0.37103392753324,0.93,0.8,1,100,"LL","3 Slopes","1st","Slope"
403,"f1.0",0.00225122774030279,0.154897455310101,-0.0112561387015139,1.57633172500003,-0.2,-0.301347784667495,0.305850240148101,0.92,0.26,1,100,"LL","3 Slopes","1st","Intercept"
403,"f1.1",0.015685938977976,0.117628497260382,0.0522864632599201,0.477803652511859,0.3,-0.214865915652373,0.246237793608325,0.95,0.78,1,100,"LL","3 Slopes","1st","Slope"
403,"f12.0",-0.0220880163259892,0.340422466060397,0.0368133605433153,1.02489472754758,-0.6,-0.689316049804367,0.645140017152389,0.93,0.46,1,100,"LL","3 Slopes","2nd","Intercept"
403,"f12.1",0.0149495295972522,0.198641835687469,0.0186869119965653,0.276831326530372,0.8,-0.374388468350187,0.404287527544691,0.97,1,1,100,"LL","3 Slopes","2nd","Slope"
403,"f2.0",-0.024340861801722,0.182899937811055,0.0405681030028701,0.311833608681961,-0.6,-0.382824739911389,0.334143016307945,0.93,0.95,1,100,"LL","3 Slopes","1st","Intercept"
403,"f2.1",0.0153290858166356,0.145926456665218,0.0306581716332713,0.269208591569216,0.5,-0.270686769247191,0.301344940880463,0.94,1,1,100,"LL","3 Slopes","1st","Slope"
665,"f1.0",-0.00706575691214993,0.122572371261164,0.0353287845607496,6.76914250767325,-0.2,-0.247307604584032,0.233176090759732,0.95,0.38,1,100,"LL","3 Slopes","1st","Intercept"
665,"f1.1",-0.00423946081697383,0.0909809435148176,-0.0141315360565794,0.351287486456686,0.3,-0.182562110106016,0.174083188472069,0.95,0.92,1,100,"LL","3 Slopes","1st","Slope"
665,"f12.0",0.0133515491277947,0.238542166366985,-0.0222525818796578,0.512914939772241,-0.6,-0.454191096951496,0.480894195207085,0.94,0.74,1,100,"LL","3 Slopes","2nd","Intercept"
665,"f12.1",-0.0141521118538388,0.159354604713424,-0.0176901398172986,0.206998675351887,0.8,-0.32648713709215,0.298182913384472,0.93,1,1,100,"LL","3 Slopes","2nd","Slope"
665,"f2.0",0.00568158722100888,0.139210283284054,-0.00946931203501479,0.23454935756179,-0.6,-0.267170568015738,0.278533742457756,0.95,0.99,1,100,"LL","3 Slopes","1st","Intercept"
665,"f2.1",0.00902937617549549,0.0950731172020531,0.018058752350991,0.201849083466498,0.5,-0.177313933540529,0.195372685891519,0.97,1,1,100,"LL","3 Slopes","1st","Slope"
1096,"f1.0",-0.00870343295695851,0.0753914789577424,0.0435171647847926,0.601444413728673,-0.2,-0.156470731714134,0.139063865800217,0.98,0.65,1,100,"LL","3 Slopes","1st","Intercept"
1096,"f1.1",-0.00741888929898409,0.0717570115364001,-0.0247296309966136,0.259987123858329,0.3,-0.148062631910328,0.13322485331236,0.94,1,1,100,"LL","3 Slopes","1st","Slope"
1096,"f12.0",-0.0132058406402772,0.146327612958311,0.0220097344004619,0.306912918068402,-0.6,-0.300007962038566,0.273596280758012,1,0.98,1,100,"LL","3 Slopes","2nd","Intercept"
1096,"f12.1",0.0165544975492929,0.120392578856474,0.0206931219366162,0.155840721172033,0.8,-0.219414957009396,0.252523952107982,0.98,1,1,100,"LL","3 Slopes","2nd","Slope"
1096,"f2.0",0.00107371248064678,0.0875047953001325,-0.00178952080107797,0.17300797035236,-0.6,-0.170435686307613,0.172583111268907,0.96,1,1,100,"LL","3 Slopes","1st","Intercept"
1096,"f2.1",0.00263991468313166,0.0777476731044876,0.00527982936626331,0.159578850559443,0.5,-0.149745524601664,0.155025353967927,0.95,1,1,100,"LL","3 Slopes","1st","Slope"
1808,"f1.0",-0.0107358755935251,0.0857849632212779,0.0536793779676254,0.444907229105952,-0.2,-0.17887440350723,0.15740265232018,0.9,0.76,1,100,"LL","3 Slopes","1st","Intercept"
1808,"f1.1",0.00266196333469041,0.0502291961337822,0.00887321111563471,0.193195460923054,0.3,-0.0957872610875227,0.101111187756903,0.99,1,1,100,"LL","3 Slopes","1st","Slope"
1808,"f12.0",-0.00298068485186576,0.169668020067898,0.00496780808644293,0.251159358725254,-0.6,-0.335530004184946,0.329568634481214,0.89,0.98,1,100,"LL","3 Slopes","2nd","Intercept"
1808,"f12.1",0.0112095026343937,0.102021600199729,0.0140118782929922,0.121973312124962,0.8,-0.188752833757075,0.211171839025862,0.93,1,1,100,"LL","3 Slopes","2nd","Slope"
1808,"f2.0",-0.00980433868903463,0.0891959066066077,0.0163405644817244,0.132258398638632,-0.6,-0.184628315637986,0.165019638259916,0.93,1,1,100,"LL","3 Slopes","1st","Intercept"
1808,"f2.1",-0.000239601553127809,0.0659192132169354,-0.000479203106255619,0.123644941842959,0.5,-0.129441259458321,0.128962056352066,0.94,1,1,100,"LL","3 Slopes","1st","Slope"
2980,"f1.0",0.00293693248278139,0.058295798269683,-0.0146846624139069,0.32127837529145,-0.2,-0.111322832125797,0.11719669709136,0.93,0.94,1,100,"LL","3 Slopes","1st","Intercept"
2980,"f1.1",0.00207624228454814,0.039042183716064,0.00692080761516047,0.144104826511968,0.3,-0.0744464377989374,0.0785989223680337,0.96,1,1,100,"LL","3 Slopes","1st","Slope"
2980,"f12.0",0.0137369346020415,0.105704652120911,-0.0228948910034026,0.188125230226116,-0.6,-0.193444183554945,0.220918052759028,0.96,1,1,100,"LL","3 Slopes","2nd","Intercept"
2980,"f12.1",0.00500824147653815,0.0683969594232701,0.00626030184567269,0.0926691016248653,0.8,-0.129049798993071,0.139066281946147,0.97,1,1,100,"LL","3 Slopes","2nd","Slope"
2980,"f2.0",0.00317726161278247,0.0551110027149714,-0.00529543602130411,0.103975235653195,-0.6,-0.104840303708561,0.111194826934126,0.96,1,1,100,"LL","3 Slopes","1st","Intercept"
2980,"f2.1",-0.00125483866794602,0.0464283206986936,-0.00250967733589205,0.0969925918754048,0.5,-0.0922543472373855,0.0897446699014935,0.95,1,1,100,"LL","3 Slopes","1st","Slope"
20,"f1.0",0.111991092249931,0.440011105813234,-0.559955461249654,5.65394380912494,-0.2,-0.750430675144008,0.974412859643869,0.66,0.1,1,100,"PL","3 Slopes","1st","Intercept"
20,"f1.1",-0.0954950059484617,0.510027258130081,-0.318316686494872,3.98572479978754,0.3,-1.09514843188342,0.904158419986497,0.53,0.22,1,100,"PL","3 Slopes","1st","Slope"
20,"f12.0",0.336117918858591,0.579150511435217,-0.560196531430985,4.20712851382364,-0.6,-0.799017083554434,1.47125292127162,0.25,0.26,1,100,"PL","3 Slopes","2nd","Intercept"
20,"f12.1",-0.538128435538746,0.590605439281061,-0.672660544423432,14.9425962587251,0.8,-1.69571509652963,0.619458225452134,0.19,0.18,1,100,"PL","3 Slopes","2nd","Slope"
20,"f2.0",0.320576319296323,0.34847023332912,-0.534293865493872,2.35795731292388,-0.6,-0.362425338028752,1.0035779766214,0.38,0.34,1,100,"PL","3 Slopes","1st","Intercept"
20,"f2.1",-0.263629491422509,0.324199189019315,-0.527258982845018,3.02238925949717,0.5,-0.899059901900366,0.371800919055348,0.4,0.2,1,100,"PL","3 Slopes","1st","Slope"
33,"f1.0",0.0832274938914388,0.26467870152775,-0.416137469457194,4.54731385477371,-0.2,-0.43554276110295,0.601997748885828,0.85,0.12,1,100,"PL","3 Slopes","1st","Intercept"
33,"f1.1",-0.0993786035272934,0.31008156928042,-0.331262011757645,2.3883424973178,0.3,-0.707138479316916,0.508381272262329,0.72,0.15,1,100,"PL","3 Slopes","1st","Slope"
33,"f12.0",0.188119775652354,1.37767811132629,-0.31353295942059,0.97239388924561,-0.6,-2.51212932254718,2.88836887385189,0.27,0.49,1,100,"PL","3 Slopes","2nd","Intercept"
33,"f12.1",-0.548108528722878,0.303426193796918,-0.685135660903598,2.44976627627241,0.8,-1.14282386856484,0.0466068111190808,0.16,0.42,1,100,"PL","3 Slopes","2nd","Slope"
33,"f2.0",0.195936356730678,0.430445113267428,-0.326560594551129,0.843449506331919,-0.6,-0.647736065273481,1.03960877873484,0.51,0.55,1,100,"PL","3 Slopes","1st","Intercept"
33,"f2.1",-0.243671547710546,0.376441411174413,-0.487343095421092,2.40777369946961,0.5,-0.981496713612396,0.494153618191304,0.42,0.19,1,100,"PL","3 Slopes","1st","Slope"
54,"f1.0",0.0728716862771652,0.266268387586599,-0.364358431385826,4.7932681334754,-0.2,-0.449014353392569,0.5947577259469,0.87,0.12,1,100,"PL","3 Slopes","1st","Intercept"
54,"f1.1",-0.0618196111922113,0.270307308758537,-0.206065370640704,3.25332264976431,0.3,-0.591621936358945,0.467982713974522,0.81,0.2,1,100,"PL","3 Slopes","1st","Slope"
54,"f12.0",-0.00416776658321503,3.67511916539912,0.00694627763869169,1.43120926533249,-0.6,-7.20740133076549,7.19906579759906,0.39,0.41,1,100,"PL","3 Slopes","2nd","Intercept"
54,"f12.1",-0.200678409864073,2.56568380046775,-0.250848012330092,2.1777257740946,0.8,-5.22941865878087,4.82806183905273,0.27,0.33,1,100,"PL","3 Slopes","2nd","Slope"
54,"f2.0",0.168048879149078,0.723297281307533,-0.280081465248464,1.36289496515238,-0.6,-1.24961379221369,1.58571155051184,0.56,0.56,1,100,"PL","3 Slopes","1st","Intercept"
54,"f2.1",-0.207964138860307,0.354567416979968,-0.415928277720614,2.50036085733687,0.5,-0.902916276141044,0.48698799842043,0.52,0.26,1,100,"PL","3 Slopes","1st","Slope"
90,"f1.0",0.0247732653945283,0.203972661272575,-0.123866326972641,4.17744319762371,-0.2,-0.375013150699718,0.424559681488775,0.96,0.14,1,100,"PL","3 Slopes","1st","Intercept"
90,"f1.1",-0.0982790514184809,0.162771375644764,-0.327596838061603,2.5051931427124,0.3,-0.417310947682218,0.220752844845256,0.87,0.2,1,100,"PL","3 Slopes","1st","Slope"
90,"f12.0",0.243510123594313,0.341493029511557,-0.405850205990522,2.1179326524684,-0.6,-0.425816214248338,0.912836461436964,0.43,0.47,1,100,"PL","3 Slopes","2nd","Intercept"
90,"f12.1",-0.360241146302755,0.318942632977828,-0.450301432878443,0.88599339317597,0.8,-0.985368706939297,0.264886414333788,0.48,0.55,1,100,"PL","3 Slopes","2nd","Slope"
90,"f2.0",0.141202123585207,0.222879161073057,-0.235336872642012,0.566534403675183,-0.6,-0.295641032117984,0.578045279288398,0.71,0.7,1,100,"PL","3 Slopes","1st","Intercept"
90,"f2.1",-0.0609150222897536,0.201165512065042,-0.121830044579507,0.465388313519924,0.5,-0.455199425937236,0.333369381357729,0.82,0.67,1,100,"PL","3 Slopes","1st","Slope"
148,"f1.0",0.000879581083641712,0.221328879974764,-0.00439790541820855,3.00787673904224,-0.2,-0.432925023666896,0.434684185834179,0.88,0.22,1,100,"PL","3 Slopes","1st","Intercept"
148,"f1.1",-0.0483523535450485,0.190940266315459,-0.161174511816828,1.59478221409281,0.3,-0.422595275523348,0.325890568433251,0.91,0.37,1,100,"PL","3 Slopes","1st","Slope"
148,"f12.0",0.184036886796214,0.316383717502763,-0.306728144660357,3.21768537901236,-0.6,-0.436075199509202,0.80414897310163,0.63,0.59,1,100,"PL","3 Slopes","2nd","Intercept"
148,"f12.1",-0.245288485166609,0.299022205134268,-0.306610606458261,0.423243385252588,0.8,-0.831372007229774,0.340795036896557,0.58,0.79,1,100,"PL","3 Slopes","2nd","Slope"
148,"f2.0",0.078819278041971,0.199480337031123,-0.131365463403285,0.453143988224454,-0.6,-0.31216218253903,0.469800738622972,0.84,0.83,1,100,"PL","3 Slopes","1st","Intercept"
148,"f2.1",-0.0817277348476815,0.173238543503286,-0.163455469695363,0.453855746223588,0.5,-0.421275280114122,0.257819810418759,0.88,0.73,1,100,"PL","3 Slopes","1st","Slope"
244,"f1.0",0.0362323498247195,0.140515666546084,-0.181161749123597,5.97411734525728,-0.2,-0.239178356605604,0.311643056255043,0.95,0.17,1,100,"PL","3 Slopes","1st","Intercept"
244,"f1.1",-0.0670454108388228,0.141269110095242,-0.223484702796076,1.30273910500117,0.3,-0.343932866625497,0.209842044947851,0.92,0.43,1,100,"PL","3 Slopes","1st","Slope"
244,"f12.0",0.101722130341398,0.283050870995286,-0.169536883902331,0.55748032534028,-0.6,-0.453057576809363,0.656501837492159,0.74,0.71,1,100,"PL","3 Slopes","2nd","Intercept"
244,"f12.1",-0.188379851716318,0.294732606520324,-0.235474814645398,0.381311659499666,0.8,-0.766055760496154,0.389296057063518,0.63,0.87,1,100,"PL","3 Slopes","2nd","Slope"
244,"f2.0",0.0489243410828887,0.166671422007545,-0.0815405684714811,0.318798579600677,-0.6,-0.2777516460519,0.375600328217678,0.91,0.94,1,100,"PL","3 Slopes","1st","Intercept"
244,"f2.1",-0.0741927726598544,0.172079157299277,-0.148385545319709,0.433775275880103,0.5,-0.411467920966438,0.263082375646729,0.86,0.83,1,100,"PL","3 Slopes","1st","Slope"
403,"f1.0",0.0026732272413645,0.133336734354311,-0.0133661362068225,1.11969616947476,-0.2,-0.258666772093085,0.264013226575814,0.96,0.31,1,100,"PL","3 Slopes","1st","Intercept"
403,"f1.1",-0.00247904101287895,0.111207015058007,-0.00826347004292982,0.480439915767336,0.3,-0.220444790526573,0.215486708500815,0.93,0.75,1,100,"PL","3 Slopes","1st","Slope"
403,"f12.0",0.093230726839517,0.265200970165928,-0.155384544732528,0.566057690306914,-0.6,-0.426563174685701,0.613024628364735,0.86,0.7,1,100,"PL","3 Slopes","2nd","Intercept"
403,"f12.1",-0.131179958503384,0.189098075008031,-0.16397494812923,0.267452023856477,0.8,-0.501812185519124,0.239452268512357,0.81,1,1,100,"PL","3 Slopes","2nd","Slope"
403,"f2.0",0.00743969243276303,0.150881574289531,-0.0123994873879384,0.257828825298696,-0.6,-0.288288193174718,0.303167578040244,0.93,0.97,1,100,"PL","3 Slopes","1st","Intercept"
403,"f2.1",-0.0247529017288792,0.136078861162455,-0.0495058034577583,0.269685619396435,0.5,-0.291467469607292,0.241961666149534,0.91,0.99,1,100,"PL","3 Slopes","1st","Slope"
665,"f1.0",-0.00688064163676592,0.110551109808826,0.0344032081838296,0.928768555647352,-0.2,-0.223560816862064,0.209799533588532,0.92,0.5,1,100,"PL","3 Slopes","1st","Intercept"
665,"f1.1",-0.0154520124812305,0.0865279403667763,-0.0515067082707684,0.341149063014669,0.3,-0.185046775600112,0.154142750637651,0.95,0.9,1,100,"PL","3 Slopes","1st","Slope"
665,"f12.0",0.0957333182477543,0.199084011469347,-0.159555530412924,0.420572903437602,-0.6,-0.294471344232166,0.485937980727675,0.82,0.85,1,100,"PL","3 Slopes","2nd","Intercept"
665,"f12.1",-0.112388092150953,0.158664786399838,-0.140485115188691,0.198404997545853,0.8,-0.423371073494636,0.19859488919273,0.75,1,1,100,"PL","3 Slopes","2nd","Slope"
665,"f2.0",0.0254611897938948,0.121940753284807,-0.0424353163231579,0.20668277894321,-0.6,-0.213542686644327,0.264465066232117,0.93,1,1,100,"PL","3 Slopes","1st","Intercept"
665,"f2.1",-0.0185118281498618,0.0901428741725156,-0.0370236562997235,0.200839097673139,0.5,-0.195191861527992,0.158168205228269,0.95,1,1,100,"PL","3 Slopes","1st","Slope"
1096,"f1.0",-0.0104927855323084,0.0715947980202757,0.0524639276615418,0.498485549489262,-0.2,-0.150818589652049,0.129833018587432,0.98,0.74,1,100,"PL","3 Slopes","1st","Intercept"
1096,"f1.1",-0.0147190933537075,0.0702141133305839,-0.0490636445123584,0.26045435378071,0.3,-0.152338755481652,0.122900568774237,0.94,0.98,1,100,"PL","3 Slopes","1st","Slope"
1096,"f12.0",0.0434345764180306,0.134832350100008,-0.0723909606967178,0.28570210510871,-0.6,-0.220836829777984,0.307705982614045,0.98,0.97,1,100,"PL","3 Slopes","2nd","Intercept"
1096,"f12.1",-0.0480877838130559,0.123882485804991,-0.0601097297663198,0.151954345028067,0.8,-0.290897455990838,0.194721888364726,0.89,1,1,100,"PL","3 Slopes","2nd","Slope"
1096,"f2.0",0.00937588030679045,0.0806884248363834,-0.0156264671779841,0.159679750374173,-0.6,-0.148773432372521,0.167525192986102,0.95,1,1,100,"PL","3 Slopes","1st","Intercept"
1096,"f2.1",-0.0137183216473302,0.0751600929758166,-0.0274366432946604,0.156337530277263,0.5,-0.161032103879931,0.13359546058527,0.94,1,1,100,"PL","3 Slopes","1st","Slope"
1808,"f1.0",-0.0118943490038436,0.0824822031996967,0.0594717450192181,0.437389145618651,-0.2,-0.173559467275249,0.149770769267562,0.9,0.83,1,100,"PL","3 Slopes","1st","Intercept"
1808,"f1.1",-0.0018446603724236,0.0492905852799643,-0.00614886790807865,0.192186486835563,0.3,-0.0984542075211535,0.0947648867763064,0.96,1,1,100,"PL","3 Slopes","1st","Slope"
1808,"f12.0",0.0321412047177257,0.158464492080042,-0.0535686745295429,0.233486618237424,-0.6,-0.278449199759157,0.342731609194608,0.84,0.99,1,100,"PL","3 Slopes","2nd","Intercept"
1808,"f12.1",-0.0279249103353916,0.100216133205261,-0.0349061379192396,0.119343308312685,0.8,-0.224348531417703,0.16849871074692,0.9,1,1,100,"PL","3 Slopes","2nd","Slope"
1808,"f2.0",-0.00537259952989612,0.084702720967743,0.00895433254982687,0.124255562757819,-0.6,-0.171389932626672,0.16064473356688,0.92,1,1,100,"PL","3 Slopes","1st","Intercept"
1808,"f2.1",-0.00933166747319528,0.065014640087245,-0.0186633349463906,0.122955298603553,0.5,-0.136760362044196,0.118097027097805,0.93,1,1,100,"PL","3 Slopes","1st","Slope"
2980,"f1.0",0.00194050607712241,0.0571781834445438,-0.00970253038561203,0.303931196652007,-0.2,-0.110128733474184,0.114009745628428,0.91,0.95,1,100,"PL","3 Slopes","1st","Intercept"
2980,"f1.1",-0.000389446315300484,0.0387402993992699,-0.00129815438433495,0.140241912185541,0.3,-0.0763204331378696,0.0755415405072686,0.96,1,1,100,"PL","3 Slopes","1st","Slope"
2980,"f12.0",0.0365316415171834,0.102460224649226,-0.0608860691953056,0.182218763201967,-0.6,-0.164290398795299,0.237353681829666,0.91,1,1,100,"PL","3 Slopes","2nd","Intercept"
2980,"f12.1",-0.0194423312659883,0.0680073776708736,-0.0243029140824854,0.0894219516209835,0.8,-0.1527367915009,0.113852128968924,0.94,1,1,100,"PL","3 Slopes","2nd","Slope"
2980,"f2.0",0.00553130221453637,0.0531641602091263,-0.00921883702422728,0.0994133391520667,-0.6,-0.0986704517953511,0.109733056224424,0.97,1,1,100,"PL","3 Slopes","1st","Intercept"
2980,"f2.1",-0.00693307982687131,0.0459783801099547,-0.0138661596537426,0.0961187513236589,0.5,-0.0970507048423826,0.08318454518864,0.95,1,1,100,"PL","3 Slopes","1st","Slope"
20,"f1.0",-0.449141633048709,7.81230147997087,2.24570816524355,11.3836456338566,-0.2,-15.7612525337916,14.8629692676942,1,0,1,85,"LL","4 Slopes","1st","Intercept"
20,"f1.1",1.58302148260916,13.1121208759935,3.95755370652289,2.05345402569441,0.4,-24.1167354343382,27.2827783995565,0.976470588235294,0.0352941176470588,1,85,"LL","4 Slopes","1st","Slope"
20,"f12.0",-13.0245972741355,34.3221172577714,21.7076621235592,14.7234947223246,-0.6,-80.2959470993675,54.2467525510965,0.964705882352941,0,1,85,"LL","4 Slopes","2nd","Intercept"
20,"f12.1",10.640398015128,27.4885622824882,13.30049751891,47.6254074259841,0.8,-43.2371840585489,64.5179800888049,1,0,1,85,"LL","4 Slopes","2nd","Slope"
20,"f12.2",-0.921519816729435,15.6286658017622,1.84303963345887,31.939595430315,-0.5,-31.5537047881834,29.7106651547245,0.988235294117647,0.0117647058823529,1,85,"LL","4 Slopes","2nd","Slope"
20,"f2.0",0.183759095027854,9.70050402084017,-0.459397737569636,4.59164235006898,-0.4,-18.8292287858189,19.1967469758746,1,0.0117647058823529,1,85,"LL","4 Slopes","1st","Intercept"
20,"f2.1",2.91571412138539,10.3537943693075,4.85952353564232,2.07660038301879,0.6,-17.3777228424572,23.209151085228,0.988235294117647,0.0352941176470588,1,85,"LL","4 Slopes","1st","Slope"
33,"f1.0",0.225370361654012,1.91989490982782,-1.12685180827006,8.44663613611925,-0.2,-3.53762366160853,3.98836438491655,1,0,1,91,"LL","4 Slopes","1st","Intercept"
33,"f1.1",0.0357528486048631,0.65514255426509,0.0893821215121576,6.39592739736835,0.4,-1.24832655775471,1.31983225496444,0.989010989010989,0.043956043956044,1,91,"LL","4 Slopes","1st","Slope"
33,"f12.0",-6.75789838475729,22.39460477021,11.2631639745955,2.87730780817893,-0.6,-50.6513237343689,37.1355269648543,0.978021978021978,0,1,91,"LL","4 Slopes","2nd","Intercept"
33,"f12.1",5.45177145654545,22.268506623061,6.81471432068181,6.75739036699493,0.8,-38.1945015246541,49.098044437745,0.978021978021978,0.043956043956044,1,91,"LL","4 Slopes","2nd","Slope"
33,"f12.2",-1.65972908429309,8.24870156278669,3.31945816858618,5.42825393282559,-0.5,-17.827184147355,14.5077259787688,0.989010989010989,0,1,91,"LL","4 Slopes","2nd","Slope"
33,"f2.0",-0.210990696844329,3.16564443974326,0.527476742110822,5.28316849872233,-0.4,-6.41565379874111,5.99367240505245,1,0.0659340659340659,1,91,"LL","4 Slopes","1st","Intercept"
33,"f2.1",-0.752908265689487,9.05523983639099,-1.25484710948248,3.33570379631242,0.6,-18.5011783450158,16.9953618136368,0.989010989010989,0.10989010989011,1,91,"LL","4 Slopes","1st","Slope"
54,"f1.0",0.230635171496488,1.62316779247463,-1.15317585748244,7.30362255634465,-0.2,-2.95077370175379,3.41204404474677,1,0.05,1,100,"LL","4 Slopes","1st","Intercept"
54,"f1.1",0.0343120478966718,0.415144272960904,0.0857801197416794,2.00631064671435,0.4,-0.7793707271067,0.847994822900043,0.96,0.25,1,100,"LL","4 Slopes","1st","Slope"
54,"f12.0",-1.97216306918803,10.6761585825294,3.28693844864671,2.53725396786314,-0.6,-22.8974338909457,18.9531077525697,0.97,0.05,1,100,"LL","4 Slopes","2nd","Intercept"
54,"f12.1",1.0456312346892,7.38243286769346,1.3070390433615,15.2440117989656,0.8,-13.42393718599,15.5151996553684,0.96,0.17,1,100,"LL","4 Slopes","2nd","Slope"
54,"f12.2",-0.706043781629955,3.90650249347786,1.41208756325991,10.4862170858424,-0.5,-8.36278866884657,6.95070110558666,0.97,0.1,1,100,"LL","4 Slopes","2nd","Slope"
54,"f2.0",0.189926409751774,1.55796812278504,-0.474816024379436,3.12078441176991,-0.4,-2.8636911109069,3.24354393041045,0.97,0.11,1,100,"LL","4 Slopes","1st","Intercept"
54,"f2.1",0.272129877473267,0.665134259618897,0.453549795788778,1.00630897712624,0.6,-1.03153327137977,1.57579302632631,0.96,0.36,1,100,"LL","4 Slopes","1st","Slope"
90,"f1.0",0.0243071822871914,0.344103897189127,-0.121535911435957,4.81476847398599,-0.2,-0.650136456203498,0.698750820777881,0.99,0.06,1,100,"LL","4 Slopes","1st","Intercept"
90,"f1.1",-0.0160564952350211,0.330932836122062,-0.0401412380875526,39.8392817815934,0.4,-0.664684854034263,0.63257186356422,0.97,0.24,1,100,"LL","4 Slopes","1st","Slope"
90,"f12.0",-0.120424889910585,0.656078045594809,0.200708149850975,2.09176391035753,-0.6,-1.40633785927641,1.16548807945524,0.98,0.15,1,100,"LL","4 Slopes","2nd","Intercept"
90,"f12.1",0.13223673606571,0.529677172268671,0.165295920082137,0.797969561410867,0.8,-0.905930521580885,1.1704039937123,0.91,0.46,1,100,"LL","4 Slopes","2nd","Slope"
90,"f12.2",-0.0814803993763819,0.423371812298689,0.162960798752764,2.14533723201808,-0.5,-0.911289151481811,0.748328352729048,0.95,0.14,1,100,"LL","4 Slopes","2nd","Slope"
90,"f2.0",-0.0105904953803103,0.369950204341296,0.0264762384507757,2.27373701516705,-0.4,-0.735692895889251,0.71451190512863,0.97,0.18,1,100,"LL","4 Slopes","1st","Intercept"
90,"f2.1",0.0566712238119705,0.287974183325176,0.0944520396866175,0.606868716679596,0.6,-0.507758175505375,0.621100623129316,0.97,0.57,1,100,"LL","4 Slopes","1st","Slope"
148,"f1.0",-0.0122833945590572,0.267201277792095,0.0614169727952861,2.70921806759431,-0.2,-0.535997899031563,0.511431109913448,0.95,0.09,1,100,"LL","4 Slopes","1st","Intercept"
148,"f1.1",0.0293349849848962,0.223619630901348,0.0733374624622404,0.926289012550457,0.4,-0.408959491581746,0.467629461551539,0.96,0.53,1,100,"LL","4 Slopes","1st","Slope"
148,"f12.0",-0.0983664092408409,0.584454023331588,0.163944015401402,1.52895046109624,-0.6,-1.24389629497075,1.04716347648907,0.96,0.26,1,100,"LL","4 Slopes","2nd","Intercept"
148,"f12.1",0.075725318713179,0.42644305874647,0.0946566483914738,0.587976350738051,0.8,-0.760103076429902,0.91155371385626,0.98,0.65,1,100,"LL","4 Slopes","2nd","Slope"
148,"f12.2",-0.0434098810659352,0.293066230751951,0.0868197621318703,0.899431396544763,-0.5,-0.61781969333976,0.530999931207889,0.97,0.39,1,100,"LL","4 Slopes","2nd","Slope"
148,"f2.0",-0.00549626544755238,0.320764035069005,0.0137406636188809,2.41461126055018,-0.4,-0.634193774182802,0.623201243287698,0.95,0.32,1,100,"LL","4 Slopes","1st","Intercept"
148,"f2.1",0.023535639976482,0.249031980004267,0.03922606662747,0.433709415024928,0.6,-0.46456704083188,0.511638320784844,0.91,0.81,1,100,"LL","4 Slopes","1st","Slope"
244,"f1.0",0.0300136211800237,0.192390453253914,-0.150068105900118,3.03244891715793,-0.2,-0.347071667197647,0.407098909557694,0.98,0.14,1,100,"LL","4 Slopes","1st","Intercept"
244,"f1.1",0.0250301471381363,0.177456256119998,0.0625753678453407,0.627175160578238,0.4,-0.32278411485706,0.372844409133333,0.94,0.76,1,100,"LL","4 Slopes","1st","Slope"
244,"f12.0",-0.0797332803352673,0.351353670937088,0.132888800558779,0.968197466128749,-0.6,-0.76838647537196,0.608919914701425,0.95,0.38,1,100,"LL","4 Slopes","2nd","Intercept"
244,"f12.1",0.0264349852120773,0.261760984866664,0.0330437315150967,0.318649084318101,0.8,-0.486616545126584,0.539486515550739,0.97,0.96,1,100,"LL","4 Slopes","2nd","Slope"
244,"f12.2",-0.0183144612422647,0.241598803861876,0.0366289224845294,2.41649541490341,-0.5,-0.491848116811543,0.455219194327013,0.97,0.54,1,100,"LL","4 Slopes","2nd","Slope"
244,"f2.0",0.0207765376247823,0.205107266675309,-0.0519413440619557,1.09001971673936,-0.4,-0.381233705058823,0.422786780308388,0.97,0.35,1,100,"LL","4 Slopes","1st","Intercept"
244,"f2.1",0.0496607327866682,0.179684703863953,0.0827678879777804,0.290929548356899,0.6,-0.302521286786679,0.401842752360015,0.96,0.99,1,100,"LL","4 Slopes","1st","Slope"
403,"f1.0",0.000713451022104377,0.15539156802346,-0.00356725511052188,1.83339426561341,-0.2,-0.303854022303877,0.305280924348086,0.97,0.22,1,100,"LL","4 Slopes","1st","Intercept"
403,"f1.1",0.0131208030113235,0.131457806917637,0.0328020075283089,0.373273722070482,0.4,-0.244536498547245,0.270778104569892,0.97,0.87,1,100,"LL","4 Slopes","1st","Slope"
403,"f12.0",-0.030847952166283,0.302228980628167,0.0514132536104716,0.721768558363391,-0.6,-0.623216754197491,0.561520849864925,0.92,0.58,1,100,"LL","4 Slopes","2nd","Intercept"
403,"f12.1",0.0257835014915908,0.186397651027018,0.0322293768644885,0.237856028469916,0.8,-0.339555894521364,0.391122897504546,0.96,1,1,100,"LL","4 Slopes","2nd","Slope"
403,"f12.2",-0.0501492632995563,0.194562684424469,0.100298526599113,0.436442601027485,-0.5,-0.431492124771515,0.331193598172403,0.97,0.79,1,100,"LL","4 Slopes","2nd","Slope"
403,"f2.0",0.00720328543599422,0.149873588497002,-0.0180082135899856,0.517692296993924,-0.4,-0.286548948018129,0.300955518890117,0.98,0.59,1,100,"LL","4 Slopes","1st","Intercept"
403,"f2.1",0.0211140170595486,0.132141565424579,0.0351900284325811,0.221230771319102,0.6,-0.237883451172627,0.280111485291724,0.96,1,1,100,"LL","4 Slopes","1st","Slope"
665,"f1.0",-0.0122591286599254,0.113745345948181,0.0612956432996272,1.07432262659292,-0.2,-0.23520000671836,0.210681749398509,0.96,0.44,1,100,"LL","4 Slopes","1st","Intercept"
665,"f1.1",-0.0102596790736963,0.102207953550071,-0.0256491976842408,0.260488129689406,0.4,-0.210587268031835,0.190067909884442,0.94,0.98,1,100,"LL","4 Slopes","1st","Slope"
665,"f12.0",-0.0291086732064313,0.225828167826014,0.0485144553440521,0.420026080935849,-0.6,-0.471731882145418,0.413514535732555,0.96,0.8,1,100,"LL","4 Slopes","2nd","Intercept"
665,"f12.1",0.0307765499018269,0.193249706386626,0.0384706873772836,0.209949921498309,0.8,-0.34799287461596,0.409545974419614,0.9,1,1,100,"LL","4 Slopes","2nd","Slope"
665,"f12.2",0.0226097855250779,0.156747400868798,-0.0452195710501558,0.392104617090415,-0.5,-0.284615120177765,0.329834691227921,0.93,0.91,1,100,"LL","4 Slopes","2nd","Slope"
665,"f2.0",0.011714680895146,0.112544511252246,-0.0292867022378649,0.374004884138942,-0.4,-0.208872561159256,0.232301922949548,0.98,0.87,1,100,"LL","4 Slopes","1st","Intercept"
665,"f2.1",0.0221722339716781,0.113757917730488,0.0369537232861301,0.176720460599891,0.6,-0.200793284780079,0.245137752723435,0.94,1,1,100,"LL","4 Slopes","1st","Slope"
1096,"f1.0",-0.00737677395685033,0.096361330157653,0.0368838697842517,0.68005215782228,-0.2,-0.19624498106585,0.18149143315215,0.95,0.59,1,100,"LL","4 Slopes","1st","Intercept"
1096,"f1.1",0.00320530082219033,0.0742910024619395,0.00801325205547582,0.186335645623236,0.4,-0.142405064003211,0.148815665647592,0.95,1,1,100,"LL","4 Slopes","1st","Slope"
1096,"f12.0",-0.00543055213516954,0.146874980713835,0.00905092022528257,0.304500516371395,-0.6,-0.293305514334285,0.282444410063946,0.98,0.99,1,100,"LL","4 Slopes","2nd","Intercept"
1096,"f12.1",0.0128882806751702,0.122693989072634,0.0161103508439628,0.147431162253555,0.8,-0.227591937907192,0.253368499257532,0.95,1,1,100,"LL","4 Slopes","2nd","Slope"
1096,"f12.2",-0.00692138108707025,0.0983671729376761,0.0138427621741405,0.223309811196601,-0.5,-0.199721040044915,0.185878277870775,0.96,1,1,100,"LL","4 Slopes","2nd","Slope"
1096,"f2.0",-0.00759202862456654,0.0955840550287373,0.0189800715614163,0.264659750371928,-0.4,-0.194936776480892,0.179752719231759,0.97,0.98,1,100,"LL","4 Slopes","1st","Intercept"
1096,"f2.1",0.00525531588844718,0.0831392812659612,0.00875885981407863,0.131607618947795,0.6,-0.157697675392837,0.168208307169731,0.93,1,1,100,"LL","4 Slopes","1st","Slope"
1808,"f1.0",-0.00217123369327535,0.0734430409583985,0.0108561684663768,0.448947971883634,-0.2,-0.146119593971736,0.141777126585186,0.97,0.72,1,100,"LL","4 Slopes","1st","Intercept"
1808,"f1.1",0.00122654786925085,0.0548438430373002,0.00306636967312712,0.146900437513646,0.4,-0.106267384483858,0.108720480222359,0.95,1,1,100,"LL","4 Slopes","1st","Slope"
1808,"f12.0",0.0180262744495418,0.124911508322398,-0.0300437907492363,0.242108049300161,-0.6,-0.226800281862358,0.262852830761442,0.98,1,1,100,"LL","4 Slopes","2nd","Intercept"
1808,"f12.1",0.00888839526059863,0.0826874699387692,0.0111104940757483,0.117508440326472,0.8,-0.153179045819389,0.170955836340586,0.98,1,1,100,"LL","4 Slopes","2nd","Slope"
1808,"f12.2",-0.00830718557713272,0.0866236549515859,0.0166143711542654,0.179809404090674,-0.5,-0.178089549282241,0.161475178127976,0.98,1,1,100,"LL","4 Slopes","2nd","Slope"
1808,"f2.0",-0.011236635395295,0.0764333823583351,0.0280915884882375,0.199243810409888,-0.4,-0.161046064817632,0.138572794027042,0.94,1,1,100,"LL","4 Slopes","1st","Intercept"
1808,"f2.1",-0.00105478484976104,0.0549265045682638,-0.00175797474960173,0.102879597239729,0.6,-0.108710733803558,0.106601164104036,0.97,1,1,100,"LL","4 Slopes","1st","Slope"
2980,"f1.0",-0.00449885962132069,0.0578412702154888,0.0224942981066034,0.315574004255322,-0.2,-0.117867749243679,0.108870030001037,0.95,0.93,1,100,"LL","4 Slopes","1st","Intercept"
2980,"f1.1",-0.000515145315954822,0.0389456520234687,-0.00128786328988705,0.112481770056013,0.4,-0.0768486232819534,0.0758183326500437,0.98,1,1,100,"LL","4 Slopes","1st","Slope"
2980,"f12.0",0.00235896601402325,0.109139201355991,-0.00393161002337208,0.181007406180622,-0.6,-0.211553868643719,0.216271800671765,0.95,1,1,100,"LL","4 Slopes","2nd","Intercept"
2980,"f12.1",0.00493341642393641,0.0865343458654971,0.00616677052992051,0.091088683905543,0.8,-0.164673901472438,0.174540734320311,0.87,1,1,100,"LL","4 Slopes","2nd","Slope"
2980,"f12.2",0.0053026295455282,0.0616596766145738,-0.0106052590910564,0.140351504926039,-0.5,-0.115550336619036,0.126155595710093,0.97,1,1,100,"LL","4 Slopes","2nd","Slope"
2980,"f2.0",0.000523639119182604,0.0618734580235252,-0.00130909779795651,0.157299894943195,-0.4,-0.120748338606927,0.121795616845292,0.95,1,1,100,"LL","4 Slopes","1st","Intercept"
2980,"f2.1",0.00438254980321673,0.045005754329713,0.00730424967202789,0.0811596414494156,0.6,-0.0838287286830207,0.0925938282894541,0.98,1,1,100,"LL","4 Slopes","1st","Slope"
20,"f1.0",0.0612755736385574,0.345943176858974,-0.306377868192787,3.64277522971379,-0.2,-0.616773053005031,0.739324200282146,0.61,0.1,1,100,"PL","4 Slopes","1st","Intercept"
20,"f1.1",-0.185796525421938,0.366872807013167,-0.464491313554844,2.29757928555194,0.4,-0.904867227167745,0.53327417632387,0.45,0.15,1,100,"PL","4 Slopes","1st","Slope"
20,"f12.0",0.442098050742709,0.437000236149955,-0.736830084571182,6.47624072704803,-0.6,-0.414422412111203,1.29861851359662,0.16,0.4,1,100,"PL","4 Slopes","2nd","Intercept"
20,"f12.1",-0.483439381288615,0.632387744926252,-0.604299226610769,2.82947287389147,0.8,-1.72291936134407,0.756040598766839,0.14,0.23,1,100,"PL","4 Slopes","2nd","Slope"
20,"f12.2",0.352883906284566,0.334518389016226,-0.705767812569131,3.32917229596404,-0.5,-0.302772136187237,1.00853994875637,0.27,0.2,1,100,"PL","4 Slopes","2nd","Slope"
20,"f2.0",0.112375515667747,0.5686415764842,-0.280938789169368,2.157495413217,-0.4,-1.00216197424128,1.22691300557678,0.46,0.19,1,100,"PL","4 Slopes","1st","Intercept"
20,"f2.1",-0.270805472735722,0.516745537282248,-0.451342454559536,1.35981289210865,0.6,-1.28362672580893,0.742015780337485,0.41,0.26,1,100,"PL","4 Slopes","1st","Slope"
33,"f1.0",0.126571634836943,0.516428560298812,-0.632858174184714,4.34615700381988,-0.2,-0.885628343348728,1.13877161302261,0.86,0.09,1,100,"PL","4 Slopes","1st","Intercept"
33,"f1.1",-0.174941465224939,0.388182003320935,-0.437353663062347,3.47749789595153,0.4,-0.935778191733972,0.585895261284095,0.55,0.11,1,100,"PL","4 Slopes","1st","Slope"
33,"f12.0",0.168077560815273,1.17512644934718,-0.280129268025455,3.94372394464409,-0.6,-2.1351702799052,2.47132540153574,0.28,0.4,1,100,"PL","4 Slopes","2nd","Intercept"
33,"f12.1",-0.405218770554375,0.656139929781049,-0.506523463192969,4.33185499595445,0.8,-1.69125303292523,0.88081549181648,0.28,0.33,1,100,"PL","4 Slopes","2nd","Slope"
33,"f12.2",0.258404543101499,0.539216139744876,-0.516809086202998,3.12926266531605,-0.5,-0.798459090798459,1.31526817700146,0.43,0.31,1,100,"PL","4 Slopes","2nd","Slope"
33,"f2.0",0.173163904031894,0.280592351411486,-0.432909760079736,1.9863136257015,-0.4,-0.376797104734619,0.723124912798407,0.58,0.22,1,100,"PL","4 Slopes","1st","Intercept"
33,"f2.1",-0.252856765975157,0.500650879352171,-0.421427943291928,22.875198801324,0.6,-1.23413248950541,0.728418957555097,0.38,0.29,1,100,"PL","4 Slopes","1st","Slope"
54,"f1.0",0.0235629543931347,0.255650955633578,-0.117814771965673,8.24011387474424,-0.2,-0.477512918648678,0.524638827434947,0.99,0.14,1,100,"PL","4 Slopes","1st","Intercept"
54,"f1.1",-0.109832515326164,0.240359322872269,-0.274581288315411,6.44241899502614,0.4,-0.580936788155811,0.361271757503482,0.77,0.3,1,100,"PL","4 Slopes","1st","Slope"
54,"f12.0",0.210420524230119,0.520532166609168,-0.350700873716865,0.886178196748839,-0.6,-0.80982252232385,1.23066357078409,0.46,0.48,1,100,"PL","4 Slopes","2nd","Intercept"
54,"f12.1",-0.390280216377371,0.509529941743039,-0.487850270471713,1.34976139766666,0.8,-1.38895890219373,0.608398469438985,0.25,0.45,1,100,"PL","4 Slopes","2nd","Slope"
54,"f12.2",0.210014538781047,0.451870184806636,-0.420029077562093,3.05291145441118,-0.5,-0.675651023439961,1.09568010100205,0.43,0.23,1,100,"PL","4 Slopes","2nd","Slope"
54,"f2.0",0.119031241668692,0.254126994540098,-0.297578104171729,9.93433389806085,-0.4,-0.379057667629901,0.617120150967284,0.76,0.32,1,100,"PL","4 Slopes","1st","Intercept"
54,"f2.1",-0.148823660425594,0.347112248856368,-0.248039434042657,1.47770294229939,0.6,-0.829163668184075,0.531516347332887,0.69,0.44,1,100,"PL","4 Slopes","1st","Slope"
90,"f1.0",0.0389216767033318,0.210069067132992,-0.194608383516659,3.92951413375324,-0.2,-0.372813694877332,0.450657048283995,0.91,0.13,1,100,"PL","4 Slopes","1st","Intercept"
90,"f1.1",-0.133028642261824,0.226586246775975,-0.332571605654561,2.05095837113962,0.4,-0.577137685942735,0.311080401419086,0.73,0.28,1,100,"PL","4 Slopes","1st","Slope"
90,"f12.0",0.27636942437051,0.315073332562656,-0.460615707284184,1.14797667887907,-0.6,-0.341174307452295,0.893913156193316,0.4,0.4,1,100,"PL","4 Slopes","2nd","Intercept"
90,"f12.1",-0.35373970575809,0.362736678278418,-0.442174632197613,0.820933343333598,0.8,-1.06470359518379,0.357224183667609,0.38,0.59,1,100,"PL","4 Slopes","2nd","Slope"
90,"f12.2",0.244713110740239,0.270370701165972,-0.489426221480478,1.48167541967217,-0.5,-0.285213463545067,0.774639685025545,0.52,0.25,1,100,"PL","4 Slopes","2nd","Slope"
90,"f2.0",0.104278401587559,0.211126237318556,-0.260696003968897,1.27419851993356,-0.4,-0.30952902355681,0.518085826731928,0.82,0.47,1,100,"PL","4 Slopes","1st","Intercept"
90,"f2.1",-0.188881765543644,0.241131514433636,-0.31480294257274,0.613828258291791,0.6,-0.661499533833571,0.283736002746283,0.66,0.57,1,100,"PL","4 Slopes","1st","Slope"
148,"f1.0",-0.00582618702862961,0.188006154554582,0.029130935143148,1.93447901250045,-0.2,-0.374318249955609,0.36266587589835,0.94,0.3,1,100,"PL","4 Slopes","1st","Intercept"
148,"f1.1",-0.0479367467239896,0.182810744513599,-0.119841866809974,0.780812797655838,0.4,-0.406245805970643,0.310372312522664,0.88,0.52,1,100,"PL","4 Slopes","1st","Slope"
148,"f12.0",0.201563031582071,0.334836350107832,-0.335938385970118,0.957039704145299,-0.6,-0.454716214629281,0.857842277793422,0.55,0.53,1,100,"PL","4 Slopes","2nd","Intercept"
148,"f12.1",-0.273267220103925,0.32957756636753,-0.341584025129906,1.16230114122393,0.8,-0.919239250184283,0.372704809976433,0.57,0.76,1,100,"PL","4 Slopes","2nd","Slope"
148,"f12.2",0.172050317889689,0.197288493059828,-0.344100635779378,1.84291164521293,-0.5,-0.214635128507574,0.558735764286952,0.75,0.42,1,100,"PL","4 Slopes","2nd","Slope"
148,"f2.0",0.056371723842421,0.214424786815943,-0.140929309606053,1.5883303950208,-0.4,-0.363900858316828,0.47664430600167,0.86,0.55,1,100,"PL","4 Slopes","1st","Intercept"
148,"f2.1",-0.104906663681796,0.215997473552446,-0.17484443946966,0.408158660423554,0.6,-0.52826171184459,0.318448384480999,0.76,0.84,1,100,"PL","4 Slopes","1st","Slope"
244,"f1.0",0.0135269849132318,0.145532813180505,-0.067634924566159,2.45099471741011,-0.2,-0.271717328920558,0.298771298747022,0.94,0.24,1,100,"PL","4 Slopes","1st","Intercept"
244,"f1.1",-0.0305163639932579,0.155972570017726,-0.0762909099831448,0.661204792286475,0.4,-0.336222601228001,0.275189873241486,0.89,0.76,1,100,"PL","4 Slopes","1st","Slope"
244,"f12.0",0.154662628493054,0.23632117597036,-0.257771047488423,0.7894719098689,-0.6,-0.308526876408852,0.61785213339496,0.77,0.6,1,100,"PL","4 Slopes","2nd","Intercept"
244,"f12.1",-0.169506951558472,0.227459334440828,-0.211883689448089,0.28939381692518,0.8,-0.615327247062495,0.276313343945552,0.65,0.98,1,100,"PL","4 Slopes","2nd","Slope"
244,"f12.2",0.107104640954877,0.199915525787668,-0.214209281909754,0.909590117004127,-0.5,-0.284729789588953,0.498939071498707,0.81,0.63,1,100,"PL","4 Slopes","2nd","Slope"
244,"f2.0",0.0440793524041601,0.154133058972726,-0.1101983810104,0.662481388740667,-0.4,-0.258021443182383,0.346180147990704,0.89,0.62,1,100,"PL","4 Slopes","1st","Intercept"
244,"f2.1",-0.0472690118814714,0.167416280514138,-0.078781686469119,0.280998181950421,0.6,-0.375404921689181,0.280866897926239,0.85,0.99,1,100,"PL","4 Slopes","1st","Slope"
403,"f1.0",-0.00364449672538095,0.132966508926418,0.0182224836269048,3.04678393327196,-0.2,-0.264258854221161,0.256969860770399,0.96,0.34,1,100,"PL","4 Slopes","1st","Intercept"
403,"f1.1",-0.0188927601201532,0.122145649427967,-0.047231900300383,0.36960401857283,0.4,-0.258298232998968,0.220512712758661,0.97,0.83,1,100,"PL","4 Slopes","1st","Slope"
403,"f12.0",0.101590861996734,0.254709119006054,-0.169318103327891,0.523319339211661,-0.6,-0.397639011255132,0.600820735248601,0.78,0.67,1,100,"PL","4 Slopes","2nd","Intercept"
403,"f12.1",-0.101686124110267,0.172585558026202,-0.127107655137833,0.22902858072899,0.8,-0.439953817841622,0.236581569621089,0.82,1,1,100,"PL","4 Slopes","2nd","Slope"
403,"f12.2",0.0460430493727482,0.17347635476416,-0.0920860987454963,0.43051125403234,-0.5,-0.293970605965006,0.386056704710502,0.94,0.82,1,100,"PL","4 Slopes","2nd","Slope"
403,"f2.0",0.0199910110940028,0.121960690142154,-0.049977527735007,0.408788928637742,-0.4,-0.219051941584618,0.259033963772624,0.97,0.75,1,100,"PL","4 Slopes","1st","Intercept"
403,"f2.1",-0.0292712077774171,0.118490365340806,-0.0487853462956951,0.219543453608139,0.6,-0.261512323845397,0.202969908290563,0.94,1,1,100,"PL","4 Slopes","1st","Slope"
665,"f1.0",-0.0187676898541335,0.10305197068935,0.0938384492706674,0.743938998792174,-0.2,-0.220749552405259,0.183214172696992,0.93,0.54,1,100,"PL","4 Slopes","1st","Intercept"
665,"f1.1",-0.0264601885242676,0.0987293720159164,-0.066150471310669,0.260646510931517,0.4,-0.219969757675464,0.167049380626928,0.92,0.98,1,100,"PL","4 Slopes","1st","Slope"
665,"f12.0",0.066994248124168,0.198488589407209,-0.111657080206947,0.366477953591267,-0.6,-0.322043387113962,0.456031883362298,0.89,0.88,1,100,"PL","4 Slopes","2nd","Intercept"
665,"f12.1",-0.0714320280170956,0.184496813994908,-0.0892900350213695,0.202204234134253,0.8,-0.433045783447115,0.290181727412923,0.82,1,1,100,"PL","4 Slopes","2nd","Slope"
665,"f12.2",0.0820185933501503,0.142457211749311,-0.164037186700301,0.392595107689851,-0.5,-0.197197541678499,0.361234728378799,0.9,0.86,1,100,"PL","4 Slopes","2nd","Slope"
665,"f2.0",0.014364722805227,0.100423125618201,-0.0359118070130676,0.323323403455367,-0.4,-0.182464603406447,0.211194049016902,0.97,0.93,1,100,"PL","4 Slopes","1st","Intercept"
665,"f2.1",-0.00914583959633092,0.110210324280348,-0.0152430659938849,0.172553269970363,0.6,-0.225158075185813,0.206866395993151,0.91,1,1,100,"PL","4 Slopes","1st","Slope"
1096,"f1.0",-0.0119760450314138,0.089182991485091,0.0598802251570692,0.55227650799394,-0.2,-0.186774708342192,0.162822618279364,0.95,0.65,1,100,"PL","4 Slopes","1st","Intercept"
1096,"f1.1",-0.00710245032929753,0.072812932588088,-0.0177561258232438,0.184592820835484,0.4,-0.14981579820195,0.135610897543355,0.92,1,1,100,"PL","4 Slopes","1st","Slope"
1096,"f12.0",0.0580398918722151,0.138251243786818,-0.0967331531203586,0.285352331745118,-0.6,-0.212932545949948,0.329012329694378,0.94,0.99,1,100,"PL","4 Slopes","2nd","Intercept"
1096,"f12.1",-0.0490648202369285,0.121257316356636,-0.0613310252961606,0.141411994353073,0.8,-0.286729160295934,0.188599519822077,0.88,1,1,100,"PL","4 Slopes","2nd","Slope"
1096,"f12.2",0.0304943760464084,0.0962654940958414,-0.0609887520928168,0.226078877457251,-0.5,-0.158185992381441,0.219174744474258,0.93,1,1,100,"PL","4 Slopes","2nd","Slope"
1096,"f2.0",-0.00530065551815434,0.0868568841605988,0.0132516387953859,0.239648075101004,-0.4,-0.175540148472928,0.164938837436619,0.97,1,1,100,"PL","4 Slopes","1st","Intercept"
1096,"f2.1",-0.0150586491249048,0.0810303531975568,-0.0250977485415079,0.130414073900288,0.6,-0.173878141392116,0.143760843142307,0.94,1,1,100,"PL","4 Slopes","1st","Slope"
1808,"f1.0",-0.00493930912380899,0.0702082351033197,0.024696545619045,0.466364479713922,-0.2,-0.142547449926316,0.132668831678698,0.96,0.81,1,100,"PL","4 Slopes","1st","Intercept"
1808,"f1.1",-0.00509060176564331,0.054071371127418,-0.0127265044141083,0.144985190085231,0.4,-0.111070489175383,0.100889285644096,0.95,1,1,100,"PL","4 Slopes","1st","Slope"
1808,"f12.0",0.0571407273468818,0.12080442240077,-0.0952345455781363,0.226465206735636,-0.6,-0.179635940558628,0.293917395252391,0.89,1,1,100,"PL","4 Slopes","2nd","Intercept"
1808,"f12.1",-0.0295806795121815,0.0805929490187123,-0.0369758493902269,0.11273966837,0.8,-0.187542859588858,0.128381500564495,0.93,1,1,100,"PL","4 Slopes","2nd","Slope"
1808,"f12.2",0.0159485427260984,0.0854115141214228,-0.0318970854521968,0.183114142202332,-0.5,-0.15145802495189,0.183355110404087,0.91,1,1,100,"PL","4 Slopes","2nd","Slope"
1808,"f2.0",-0.0106487806196873,0.0723548173953711,0.0266219515492182,0.188591904616913,-0.4,-0.152464222714615,0.13116666147524,0.92,1,1,100,"PL","4 Slopes","1st","Intercept"
1808,"f2.1",-0.011626692834939,0.053594410854981,-0.019377821391565,0.100518725009096,0.6,-0.116671738110702,0.0934183524408237,0.93,1,1,100,"PL","4 Slopes","1st","Slope"
2980,"f1.0",-0.00684530323383678,0.0561838383687003,0.0342265161691839,0.299884233209048,-0.2,-0.116965626436489,0.103275019968816,0.95,0.95,1,100,"PL","4 Slopes","1st","Intercept"
2980,"f1.1",-0.00426780343877148,0.0384757404153573,-0.0106695085969287,0.108878406882488,0.4,-0.0796802546528718,0.0711446477753288,0.99,1,1,100,"PL","4 Slopes","1st","Slope"
2980,"f12.0",0.0281303964722257,0.105139890349301,-0.0468839941203761,0.178329388678741,-0.6,-0.177943788612403,0.234204581556855,0.95,1,1,100,"PL","4 Slopes","2nd","Intercept"
2980,"f12.1",-0.0183136846920688,0.0865390846027746,-0.022892105865086,0.0889587697006406,0.8,-0.187930290513507,0.151302921129369,0.85,1,1,100,"PL","4 Slopes","2nd","Slope"
2980,"f12.2",0.0200354985196446,0.0607931536283194,-0.0400709970392892,0.139976512464746,-0.5,-0.0991190825918615,0.139190079631151,0.94,1,1,100,"PL","4 Slopes","2nd","Slope"
2980,"f2.0",8.60919164753338e-05,0.0600234108962551,-0.000215229791188334,0.153021279290988,-0.4,-0.117559793440185,0.117731977273135,0.95,1,1,100,"PL","4 Slopes","1st","Intercept"
2980,"f2.1",-0.00260415919963,0.0443152334789856,-0.00434026533271667,0.0801863351135791,0.6,-0.0894620168184417,0.0842536984191817,0.97,1,1,100,"PL","4 Slopes","1st","Slope"
20,"f1.0",-13.1923515313352,84.8959823701416,65.9617576566759,15.8961248905545,-0.2,-179.588476976813,153.203773914142,1,0,1,74,"LL","5 Slopes","1st","Intercept"
20,"f1.1",10.7162805949297,55.1624283048899,26.7907014873242,30.4359846695252,0.4,-97.4020788826546,118.834640072514,0.986486486486487,0.0135135135135135,1,74,"LL","5 Slopes","1st","Slope"
20,"f1.2",-0.612133492127549,18.6006719787979,2.0404449737585,9.19622772933928,-0.3,-37.0694505705715,35.8451835863164,1,0,1,74,"LL","5 Slopes","1st","Slope"
20,"f12.0",6.200482326887,96.7238078007532,-10.3341372114783,58.8090786201508,-0.6,-183.378180962589,195.779145616363,1,0,1,74,"LL","5 Slopes","2nd","Intercept"
20,"f12.1",1.15972647416624,54.4664434901572,1.4496580927078,25.3171098929762,0.8,-105.594502766542,107.913955714874,0.986486486486487,0,1,74,"LL","5 Slopes","2nd","Slope"
20,"f12.2",-3.66968554746055,17.7806073639144,7.33937109492111,93.5148852133368,-0.5,-38.5196759807327,31.1803048858116,0.986486486486487,0,1,74,"LL","5 Slopes","2nd","Slope"
20,"f2.0",0.617434819034507,9.29403059225281,-1.54358704758627,25.1640789051157,-0.4,-17.598865141781,18.83373477985,0.986486486486487,0.0405405405405405,1,74,"LL","5 Slopes","1st","Intercept"
20,"f2.1",5.37081480149292,16.7507465389518,8.9513580024882,8.16634710181265,0.6,-27.4606484148525,38.2022780178384,0.959459459459459,0.0675675675675676,1,74,"LL","5 Slopes","1st","Slope"
33,"f1.0",-0.166261901084829,5.89173478674345,0.831309505424146,3.39586613353174,-0.2,-11.714062083102,11.3815382809323,0.979166666666667,0.0520833333333333,1,96,"LL","5 Slopes","1st","Intercept"
33,"f1.1",-0.0853343482979665,3.69313268510217,-0.213335870744916,3.56485343585108,0.4,-7.32387441109822,7.15320571450229,0.979166666666667,0.03125,1,96,"LL","5 Slopes","1st","Slope"
33,"f1.2",0.0719175141181708,3.44303722901811,-0.23972504706057,6.52208538518508,-0.3,-6.67643545475733,6.82027048299367,0.979166666666667,0.03125,1,96,"LL","5 Slopes","1st","Slope"
33,"f12.0",-4.09293392751471,19.829122409383,6.82155654585785,4.56000014995432,-0.6,-42.9580138499054,34.772145994876,0.989583333333333,0.0208333333333333,1,96,"LL","5 Slopes","2nd","Intercept"
33,"f12.1",4.27715096281018,16.1852275869882,5.34643870351273,4.93081154609674,0.8,-27.4458951076867,36.000197033307,0.96875,0.0104166666666667,1,96,"LL","5 Slopes","2nd","Slope"
33,"f12.2",-2.48085480718619,9.94672659041657,4.96170961437239,5.45153219295851,-0.5,-21.9764389244027,17.0147293100303,0.96875,0.0520833333333333,1,96,"LL","5 Slopes","2nd","Slope"
33,"f2.0",0.140444494642626,2.86884323472155,-0.351111236606564,3.85753491437652,-0.4,-5.48248824541162,5.76337723469687,0.989583333333333,0.0625,1,96,"LL","5 Slopes","1st","Intercept"
33,"f2.1",1.56834763307038,13.4073281587468,2.61391272178397,1.80540898242981,0.6,-24.7100155580734,27.8467108242141,0.958333333333333,0.197916666666667,1,96,"LL","5 Slopes","1st","Slope"
54,"f1.0",-3.94405127602363,39.7327799081243,19.7202563801181,10.9457399459434,-0.2,-81.8202998959473,73.9321973439001,1,0.04,1,100,"LL","5 Slopes","1st","Intercept"
54,"f1.1",2.20287503301269,20.3542334395823,5.50718758253173,2.34224141428742,0.4,-37.6914225085686,42.0971725745939,0.94,0.09,1,100,"LL","5 Slopes","1st","Slope"
54,"f1.2",-0.0710959652572601,0.527744245229234,0.236986550857534,10.1321636115801,-0.3,-1.10547468590656,0.963282755392038,0.97,0.04,1,100,"LL","5 Slopes","1st","Slope"
54,"f12.0",2.7404670269252,40.4099148680778,-4.56744504487534,4.29068151172934,-0.6,-76.4629661145073,81.9439001683577,1,0.02,1,100,"LL","5 Slopes","2nd","Intercept"
54,"f12.1",-1.00775341574751,20.76822401537,-1.25969176968439,1.08069032746772,0.8,-41.7134724858727,39.6979656543776,0.98,0.16,1,100,"LL","5 Slopes","2nd","Slope"
54,"f12.2",-0.44634877923561,3.64317887905978,0.89269755847122,3.91535398787715,-0.5,-7.58697938219277,6.69428182372155,0.98,0.06,1,100,"LL","5 Slopes","2nd","Slope"
54,"f2.0",0.00768844013823192,0.539421069693553,-0.0192211003455798,6.02428893536151,-0.4,-1.04957685646113,1.0649537367376,0.99,0.1,1,100,"LL","5 Slopes","1st","Intercept"
54,"f2.1",0.153095603820481,0.505817737630723,0.255159339700801,1.81281751633856,0.6,-0.838307161935737,1.1444983695767,0.98,0.3,1,100,"LL","5 Slopes","1st","Slope"
90,"f1.0",0.00410416490181826,0.374821474965733,-0.0205208245090913,3.71842663328475,-0.2,-0.730545926031019,0.738754255834655,0.95,0.07,1,100,"LL","5 Slopes","1st","Intercept"
90,"f1.1",0.0468106718289543,0.41621524559338,0.117026679572386,2.53777763052232,0.4,-0.768971209534071,0.86259255319198,0.96,0.21,1,100,"LL","5 Slopes","1st","Slope"
90,"f1.2",-0.0379411373981636,0.261102555261622,0.126470457993879,2.20627224560897,-0.3,-0.549702145710943,0.473819870914616,0.96,0.24,1,100,"LL","5 Slopes","1st","Slope"
90,"f12.0",-0.274330345432742,0.820323768081787,0.457217242387903,99.313537556308,-0.6,-1.88216493087304,1.33350424000756,0.99,0.11,1,100,"LL","5 Slopes","2nd","Intercept"
90,"f12.1",0.237508733474069,0.636786763874484,0.296885916842586,0.952332577619502,0.8,-1.01059332371992,1.48561079066806,0.95,0.43,1,100,"LL","5 Slopes","2nd","Slope"
90,"f12.2",-0.100661564278272,0.443779045222458,0.201323128556545,1.57710717699669,-0.5,-0.97046849291429,0.769145364357745,0.97,0.27,1,100,"LL","5 Slopes","2nd","Slope"
90,"f2.0",0.00662615640519634,0.378231232776914,-0.0165653910129908,10.6292421641699,-0.4,-0.734707059837555,0.747959372647947,0.96,0.15,1,100,"LL","5 Slopes","1st","Intercept"
90,"f2.1",0.130947225741379,0.350248329064414,0.218245376235632,0.516227635902142,0.6,-0.555539499224873,0.817433950707631,0.94,0.63,1,100,"LL","5 Slopes","1st","Slope"
148,"f1.0",0.0106384772993675,0.294251917597807,-0.0531923864968376,5.75611217138039,-0.2,-0.566095281192334,0.587372235791069,0.95,0.14,1,100,"LL","5 Slopes","1st","Intercept"
148,"f1.1",0.0489296149142759,0.291466277671383,0.12232403728569,1.20782824150568,0.4,-0.522344289321634,0.620203519150186,0.93,0.42,1,100,"LL","5 Slopes","1st","Slope"
148,"f1.2",-0.0248078948448789,0.214635189754813,0.0826929828162629,1.30416764898313,-0.3,-0.445492866764311,0.395877077074554,0.95,0.29,1,100,"LL","5 Slopes","1st","Slope"
148,"f12.0",-0.104158906259968,0.566569784264137,0.173598177099947,1.90545935090473,-0.6,-1.21463568341768,1.00631787089774,0.9,0.25,1,100,"LL","5 Slopes","2nd","Intercept"
148,"f12.1",0.101194531302635,0.506749039244565,0.126493164128293,0.910725653079374,0.8,-0.892033585616713,1.09442264822198,0.94,0.52,1,100,"LL","5 Slopes","2nd","Slope"
148,"f12.2",-0.0398465144326641,0.314051134521589,0.0796930288653283,0.979525730527527,-0.5,-0.655386738094979,0.57569370922965,0.94,0.39,1,100,"LL","5 Slopes","2nd","Slope"
148,"f2.0",0.00578788292762818,0.287355916606863,-0.0144697073190704,1.94520803677953,-0.4,-0.557429713621823,0.569005479477079,0.97,0.34,1,100,"LL","5 Slopes","1st","Intercept"
148,"f2.1",0.0627675673690963,0.283805083687572,0.104612612281827,0.445103557389266,0.6,-0.493490396658545,0.619025531396737,0.94,0.79,1,100,"LL","5 Slopes","1st","Slope"
244,"f1.0",0.0242321629607919,0.206810713016771,-0.121160814803959,6.34748753887027,-0.2,-0.38111683455208,0.429581160473664,0.97,0.16,1,100,"LL","5 Slopes","1st","Intercept"
244,"f1.1",0.0175877402245517,0.247042158762145,0.0439693505613793,0.770398553121709,0.4,-0.466614890949253,0.501790371398356,0.93,0.49,1,100,"LL","5 Slopes","1st","Slope"
244,"f1.2",-0.0284438198119198,0.161637000782943,0.0948127327063994,1.07494288615533,-0.3,-0.345252341346488,0.288364701722648,0.98,0.52,1,100,"LL","5 Slopes","1st","Slope"
244,"f12.0",-0.124669669341226,0.465398980019377,0.207782782235377,0.796800910253226,-0.6,-1.0368516701792,0.787512331496752,0.9,0.47,1,100,"LL","5 Slopes","2nd","Intercept"
244,"f12.1",0.109174042935733,0.315788850284635,0.136467553669667,0.38995489813247,0.8,-0.509772103622151,0.728120189493618,0.99,0.9,1,100,"LL","5 Slopes","2nd","Slope"
244,"f12.2",-0.0165770563220331,0.259426242602668,0.0331541126440663,0.933832850322018,-0.5,-0.525052491823263,0.491898379179197,0.95,0.55,1,100,"LL","5 Slopes","2nd","Slope"
244,"f2.0",0.0599386918462687,0.222038172965512,-0.149846729615672,1.12484797285298,-0.4,-0.375256127166136,0.495133510858673,0.93,0.3,1,100,"LL","5 Slopes","1st","Intercept"
244,"f2.1",0.0184724500551455,0.174330256399377,0.0307874167585759,0.308006572708583,0.6,-0.323214852487634,0.360159752597925,0.94,0.94,1,100,"LL","5 Slopes","1st","Slope"
403,"f1.0",0.00909413911738891,0.156698465309729,-0.0454706955869445,1.90676767813873,-0.2,-0.298034852889679,0.316223131124457,0.98,0.25,1,100,"LL","5 Slopes","1st","Intercept"
403,"f1.1",0.0161410902642153,0.154940158856522,0.0403527256605383,0.600162200922041,0.4,-0.287541621094567,0.319823801622998,0.96,0.79,1,100,"LL","5 Slopes","1st","Slope"
403,"f1.2",-0.000908711493990126,0.111368367047648,0.00302903831330042,0.532660417301617,-0.3,-0.219190710907381,0.2173732879194,0.97,0.73,1,100,"LL","5 Slopes","1st","Slope"
403,"f12.0",-0.0430186073299214,0.298634337173636,0.0716976788832023,1.42402824328457,-0.6,-0.628341908190248,0.542304693530405,0.94,0.64,1,100,"LL","5 Slopes","2nd","Intercept"
403,"f12.1",-0.000601716836232339,0.280558955214179,-0.00075214604529042,0.358415078825621,0.8,-0.550497269056024,0.549293835383559,0.91,0.91,1,100,"LL","5 Slopes","2nd","Slope"
403,"f12.2",-0.0230004466990492,0.188629923155013,0.0460008933980984,0.460745150691328,-0.5,-0.392715096082875,0.346714202684776,0.96,0.79,1,100,"LL","5 Slopes","2nd","Slope"
403,"f2.0",0.0257588715350368,0.175630082212216,-0.064397178837592,1.21155837371439,-0.4,-0.318476089600907,0.369993832670981,0.92,0.64,1,100,"LL","5 Slopes","1st","Intercept"
403,"f2.1",-0.0231534078422372,0.125970086684302,-0.0385890130703953,0.234973086778154,0.6,-0.270054777743468,0.223747962058994,0.96,1,1,100,"LL","5 Slopes","1st","Slope"
665,"f1.0",-0.0083253177122639,0.124890852847117,0.0416265885613195,1.93550955131934,-0.2,-0.253111389292613,0.236460753868085,0.97,0.4,1,100,"LL","5 Slopes","1st","Intercept"
665,"f1.1",-0.00230271036109608,0.111223802813988,-0.00575677590274021,0.317370664090563,0.4,-0.220301363876512,0.21569594315432,0.94,0.97,1,100,"LL","5 Slopes","1st","Slope"
665,"f1.2",-0.00104200826863967,0.0927101142616554,0.00347336089546558,0.351426141269593,-0.3,-0.182753832221484,0.180669815684205,0.96,0.93,1,100,"LL","5 Slopes","1st","Slope"
665,"f12.0",0.0110401260575185,0.240694935199456,-0.0184002100958642,0.620630667328771,-0.6,-0.460721946933414,0.482802199048451,0.93,0.74,1,100,"LL","5 Slopes","2nd","Intercept"
665,"f12.1",0.019652773386948,0.185399347660215,0.024565966733685,0.239152489992931,0.8,-0.343729948027073,0.383035494800969,0.96,1,1,100,"LL","5 Slopes","2nd","Slope"
665,"f12.2",-0.0165473063333177,0.15045466008469,0.0330946126666355,0.299449350312638,-0.5,-0.311438440099311,0.278343827432676,0.93,0.96,1,100,"LL","5 Slopes","2nd","Slope"
665,"f2.0",-0.00913717227528876,0.141493662715826,0.0228429306882219,0.748235592110695,-0.4,-0.286464751198307,0.26819040664773,0.94,0.83,1,100,"LL","5 Slopes","1st","Intercept"
665,"f2.1",0.000757884946700669,0.0925934629773263,0.00126314157783445,0.172231631635057,0.6,-0.180725302488859,0.18224107238226,0.99,1,1,100,"LL","5 Slopes","1st","Slope"
1096,"f1.0",0.00855826642208321,0.0994873534048568,-0.0427913321104161,1.6003504749511,-0.2,-0.186436946251436,0.203553479095603,0.95,0.48,1,100,"LL","5 Slopes","1st","Intercept"
1096,"f1.1",-0.00410006463957384,0.0923820158908259,-0.0102501615989346,0.239362390069455,0.4,-0.185168815785593,0.176968686506445,0.95,1,1,100,"LL","5 Slopes","1st","Slope"
1096,"f1.2",-0.00026563076637553,0.0804045693149737,0.00088543588791843,0.270766298627935,-0.3,-0.157858586623724,0.157327325090973,0.93,0.96,1,100,"LL","5 Slopes","1st","Slope"
1096,"f12.0",-0.0212723557413701,0.187436892610235,0.0354539262356169,0.318843510454097,-0.6,-0.388648665257431,0.34610395377469,0.95,0.94,1,100,"LL","5 Slopes","2nd","Intercept"
1096,"f12.1",0.0132416514869506,0.138500607406542,0.0165520643586882,0.173934197143494,0.8,-0.258219539029871,0.284702842003772,0.96,1,1,100,"LL","5 Slopes","2nd","Slope"
1096,"f12.2",0.0139377066702676,0.12665466098905,-0.0278754133405351,0.25842228727358,-0.5,-0.23430542886827,0.262180842208805,0.94,0.98,1,100,"LL","5 Slopes","2nd","Slope"
1096,"f2.0",0.0138222897909939,0.117379779559471,-0.0345557244774849,0.319006111591288,-0.4,-0.216242078145569,0.243886657727557,0.92,0.92,1,100,"LL","5 Slopes","1st","Intercept"
1096,"f2.1",0.00186621556200335,0.0820753154347191,0.00311035927000558,0.137005767536931,0.6,-0.159001402690046,0.162733833814053,0.96,1,1,100,"LL","5 Slopes","1st","Slope"
1808,"f1.0",-0.0072332918750839,0.0705831215063122,0.0361664593754195,0.45466770640152,-0.2,-0.145576210027456,0.131109626277288,0.93,0.79,1,100,"LL","5 Slopes","1st","Intercept"
1808,"f1.1",0.00834785233629593,0.0729236142344446,0.0208696308407398,0.174295030270065,0.4,-0.134582431563216,0.151278136235807,0.96,1,1,100,"LL","5 Slopes","1st","Slope"
1808,"f1.2",-0.0016010298380671,0.0581845891536659,0.00533676612689035,0.198735467221063,-0.3,-0.115642824579252,0.112440764903118,0.96,1,1,100,"LL","5 Slopes","1st","Slope"
1808,"f12.0",0.0115616577074441,0.12508088539558,-0.0192694295124068,0.247459073104059,-0.6,-0.233596877667893,0.256720193082781,0.96,1,1,100,"LL","5 Slopes","2nd","Intercept"
1808,"f12.1",0.00448906268136502,0.115309193180496,0.00561132835170627,0.134001327967564,0.8,-0.221516955952407,0.230495081315137,0.91,1,1,100,"LL","5 Slopes","2nd","Slope"
1808,"f12.2",0.00122374091790527,0.0946522406434192,-0.00244748183581054,0.183336376847123,-0.5,-0.184294650743196,0.186742132579007,0.94,1,1,100,"LL","5 Slopes","2nd","Slope"
1808,"f2.0",-0.0116587618414874,0.0750538364331018,0.0291469046037185,0.198934242166346,-0.4,-0.158764281250367,0.135446757567392,0.95,1,1,100,"LL","5 Slopes","1st","Intercept"
1808,"f2.1",0.0113404648168409,0.0609082798817039,0.0189007746947349,0.103219534196753,0.6,-0.108039763751299,0.130720693384981,0.97,1,1,100,"LL","5 Slopes","1st","Slope"
2980,"f1.0",-0.000657413583852367,0.0613843529845582,0.00328706791926184,0.37574701098471,-0.2,-0.120970745433586,0.119655918265882,0.93,0.93,1,100,"LL","5 Slopes","1st","Intercept"
2980,"f1.1",0.000289484702027399,0.054718181532436,0.000723711755068497,0.137840269738347,0.4,-0.106958151101547,0.107537120505602,0.93,1,1,100,"LL","5 Slopes","1st","Slope"
2980,"f1.2",9.54683791374405e-05,0.0491592580817606,-0.000318227930458135,0.156324108227422,-0.3,-0.0962566774611134,0.0964476142193883,0.94,1,1,100,"LL","5 Slopes","1st","Slope"
2980,"f12.0",-0.015601321887511,0.108742254732143,0.0260022031458517,0.18037708086052,-0.6,-0.228736141162512,0.19753349738749,0.93,1,1,100,"LL","5 Slopes","2nd","Intercept"
2980,"f12.1",0.00662516806309535,0.073969568997451,0.00828146007886919,0.102389141593745,0.8,-0.138355187171909,0.151605523298099,0.95,1,1,100,"LL","5 Slopes","2nd","Slope"
2980,"f12.2",-0.00766111788962586,0.0705955235775201,0.0153222357792517,0.135344264673197,-0.5,-0.146028344101565,0.130706108322314,0.94,1,1,100,"LL","5 Slopes","2nd","Slope"
2980,"f2.0",0.0132271327849886,0.0673628486140071,-0.0330678319624715,0.164829015769289,-0.4,-0.118804050498465,0.145258316068443,0.9,1,1,100,"LL","5 Slopes","1st","Intercept"
2980,"f2.1",-0.0117112352500322,0.0499222471573181,-0.0195187254167203,0.0820732467870707,0.6,-0.109558839678376,0.0861363691783114,0.94,1,1,100,"LL","5 Slopes","1st","Slope"
20,"f1.0",0.080440229048516,0.390461615196206,-0.40220114524258,32.3203417512659,-0.2,-0.684864536736047,0.845744994833079,0.616161616161616,0.131313131313131,1,99,"PL","5 Slopes","1st","Intercept"
20,"f1.1",-0.129178733513093,0.359194964165413,-0.322946833782732,4.56698800701735,0.4,-0.833200863277302,0.574843396251116,0.464646464646465,0.232323232323232,1,99,"PL","5 Slopes","1st","Slope"
20,"f1.2",0.13189587451599,0.424961475348339,-0.439652915053301,2.17262471962759,-0.3,-0.701028617166755,0.964820366198735,0.545454545454545,0.181818181818182,1,99,"PL","5 Slopes","1st","Slope"
20,"f12.0",0.44403398661884,0.374219964188072,-0.740056644364733,48.9580234160927,-0.6,-0.289437143189782,1.17750511642746,0.222222222222222,0.242424242424242,1,99,"PL","5 Slopes","2nd","Intercept"
20,"f12.1",-0.578718279330833,0.526382693362192,-0.723397849163542,2.19120634376758,0.8,-1.61042835832073,0.452991799659063,0.171717171717172,0.171717171717172,1,99,"PL","5 Slopes","2nd","Slope"
20,"f12.2",0.39377489234739,0.353661801699347,-0.78754978469478,6.10076695517225,-0.5,-0.29940223898333,1.08695202367811,0.232323232323232,0.121212121212121,1,99,"PL","5 Slopes","2nd","Slope"
20,"f2.0",0.150547211287566,0.495953753746589,-0.376368028218915,2.47842026863362,-0.4,-0.821522146055749,1.12261656863088,0.434343434343434,0.242424242424242,1,99,"PL","5 Slopes","1st","Intercept"
20,"f2.1",-0.223127329956185,0.426775296899044,-0.371878883260308,1.50254544712825,0.6,-1.05960691187831,0.613352251965942,0.444444444444444,0.404040404040404,1,99,"PL","5 Slopes","1st","Slope"
33,"f1.0",0.0934709131411649,0.287722931827959,-0.467354565705825,4.07883599636893,-0.2,-0.470466033241635,0.657407859523965,0.79,0.1,1,100,"PL","5 Slopes","1st","Intercept"
33,"f1.1",-0.137767957784108,0.326563839161354,-0.34441989446027,5.82449530103722,0.4,-0.777833082540362,0.502297166972146,0.69,0.3,1,100,"PL","5 Slopes","1st","Slope"
33,"f1.2",0.173085240254691,0.295705546188298,-0.576950800848969,2.78924092607218,-0.3,-0.406497630274373,0.752668110783754,0.66,0.17,1,100,"PL","5 Slopes","1st","Slope"
33,"f12.0",0.395197419384314,0.426723376596073,-0.658662365640523,1.97675001082696,-0.6,-0.441180398743989,1.23157523751262,0.22,0.28,1,100,"PL","5 Slopes","2nd","Intercept"
33,"f12.1",-0.567772301980744,0.36910314329721,-0.70971537747593,3.43094157409597,0.8,-1.29121446284328,0.155669858881789,0.19,0.22,1,100,"PL","5 Slopes","2nd","Slope"
33,"f12.2",0.223573269731455,0.394061689230187,-0.44714653946291,1.80767361897284,-0.5,-0.548787641159712,0.995934180622622,0.47,0.29,1,100,"PL","5 Slopes","2nd","Slope"
33,"f2.0",0.142396188551284,0.333701594347205,-0.35599047137821,1.50371712881248,-0.4,-0.511658936369237,0.796451313471806,0.62,0.3,1,100,"PL","5 Slopes","1st","Intercept"
33,"f2.1",-0.226660779672421,0.31300590148544,-0.377767966120702,99.307202137391,0.6,-0.840152346583884,0.386830787239041,0.55,0.4,1,100,"PL","5 Slopes","1st","Slope"
54,"f1.0",0.018531566196326,0.236321531511036,-0.0926578309816302,2.91683354494168,-0.2,-0.444658635565304,0.481721767957956,0.93,0.14,1,100,"PL","5 Slopes","1st","Intercept"
54,"f1.1",-0.0248664086135525,0.366163004237938,-0.0621660215338812,2.55625235252395,0.4,-0.742545896919912,0.692813079692807,0.7,0.46,1,100,"PL","5 Slopes","1st","Slope"
54,"f1.2",0.0535679354651255,0.285550992759559,-0.178559784883752,1.8554249596105,-0.3,-0.506112010343611,0.613247881273862,0.81,0.22,1,100,"PL","5 Slopes","1st","Slope"
54,"f12.0",-0.255651379850335,6.23816218179214,0.426085633083891,1.90354413962579,-0.6,-12.4824492561629,11.9711464964623,0.34,0.33,1,100,"PL","5 Slopes","2nd","Intercept"
54,"f12.1",-0.141129252918295,2.40837551700695,-0.176411566147869,1.10045789438096,0.8,-4.86154526625191,4.57928676041532,0.36,0.46,1,100,"PL","5 Slopes","2nd","Slope"
54,"f12.2",-0.00467157471919834,3.54319571017919,0.00934314943839668,2.72958507687528,-0.5,-6.9493351666704,6.93999201723201,0.38,0.13,1,100,"PL","5 Slopes","2nd","Slope"
54,"f2.0",0.136738077077149,0.249571558332732,-0.341845192692873,5.27402030547277,-0.4,-0.352422177255006,0.625898331409305,0.7,0.25,1,100,"PL","5 Slopes","1st","Intercept"
54,"f2.1",-0.229000978079309,0.252204111161081,-0.381668296798848,0.996099839343016,0.6,-0.723321035955028,0.265319079796411,0.62,0.43,1,100,"PL","5 Slopes","1st","Slope"
90,"f1.0",0.00920200740911799,0.23145675605629,-0.04601003704559,31.6153519062948,-0.2,-0.444453234461211,0.462857249279447,0.89,0.21,1,100,"PL","5 Slopes","1st","Intercept"
90,"f1.1",-0.0351528587513782,0.254362654432371,-0.0878821468784455,0.998210384693383,0.4,-0.533703661438825,0.463397943936069,0.8,0.4,1,100,"PL","5 Slopes","1st","Slope"
90,"f1.2",0.0761019140360213,0.18664743217352,-0.253673046786738,2.43745355282799,-0.3,-0.289727053024079,0.441930881096121,0.86,0.27,1,100,"PL","5 Slopes","1st","Slope"
90,"f12.0",0.260314019120866,0.465696913441584,-0.433856698534777,0.908397107401819,-0.6,-0.652451931224639,1.17307996946637,0.42,0.42,1,100,"PL","5 Slopes","2nd","Intercept"
90,"f12.1",-0.333191506302359,0.372788773761431,-0.416489382877949,0.674474510894184,0.8,-1.06385750287476,0.397474490270045,0.4,0.57,1,100,"PL","5 Slopes","2nd","Slope"
90,"f12.2",0.210718320259929,0.238779324611326,-0.421436640519857,1.12542173252539,-0.5,-0.257289155978269,0.678725796498127,0.59,0.3,1,100,"PL","5 Slopes","2nd","Slope"
90,"f2.0",0.10388854712958,0.237288453499297,-0.259721367823949,1.48235681986401,-0.4,-0.361196821729041,0.568973915988201,0.76,0.33,1,100,"PL","5 Slopes","1st","Intercept"
90,"f2.1",-0.12715693768715,0.276205127951001,-0.211928229478583,0.495686721248974,0.6,-0.668518988471113,0.414205113096813,0.62,0.7,1,100,"PL","5 Slopes","1st","Slope"
148,"f1.0",-0.000557269952965675,0.199778192208136,0.00278634976482838,3.65481110277749,-0.2,-0.392122526680913,0.391007986774982,0.93,0.18,1,100,"PL","5 Slopes","1st","Intercept"
148,"f1.1",-0.00394255013826248,0.204477571178243,-0.00985637534565619,0.758027956078599,0.4,-0.40471858964762,0.396833489371095,0.9,0.55,1,100,"PL","5 Slopes","1st","Slope"
148,"f1.2",0.029488082437842,0.177129531952264,-0.09829360812614,2.103682341488,-0.3,-0.317685800188596,0.37666196506428,0.92,0.31,1,100,"PL","5 Slopes","1st","Slope"
148,"f12.0",0.202595518142348,0.341383735009741,-0.337659196903913,1.79267624262839,-0.6,-0.466516602476745,0.871707638761441,0.62,0.47,1,100,"PL","5 Slopes","2nd","Intercept"
148,"f12.1",-0.283699771995967,0.331896563098028,-0.354624714994958,1.06213926817241,0.8,-0.934217035668102,0.366817491676169,0.52,0.64,1,100,"PL","5 Slopes","2nd","Slope"
148,"f12.2",0.159433292030755,0.226033711951598,-0.31886658406151,0.875603291195748,-0.5,-0.283592783394378,0.602459367455888,0.74,0.42,1,100,"PL","5 Slopes","2nd","Slope"
148,"f2.0",0.0587625557045358,0.194611047644798,-0.14690638926134,3.59287682943999,-0.4,-0.322675097679268,0.44020020908834,0.84,0.51,1,100,"PL","5 Slopes","1st","Intercept"
148,"f2.1",-0.0914202168648462,0.229091751603423,-0.152367028108077,0.410860081756761,0.6,-0.540440050007555,0.357599616277863,0.74,0.84,1,100,"PL","5 Slopes","1st","Slope"
244,"f1.0",0.00654438414376677,0.156876295236126,-0.0327219207188338,3.70235507329478,-0.2,-0.300933154519041,0.314021922806575,0.95,0.24,1,100,"PL","5 Slopes","1st","Intercept"
244,"f1.1",0.00404019219306698,0.199433498669044,0.0101004804826675,0.485474605967881,0.4,-0.38684946519826,0.394929849584394,0.89,0.65,1,100,"PL","5 Slopes","1st","Slope"
244,"f1.2",0.019354223038969,0.136184612115743,-0.0645140767965634,1.09727738829105,-0.3,-0.247567616707888,0.286276062785826,0.96,0.53,1,100,"PL","5 Slopes","1st","Slope"
244,"f12.0",0.128017559133363,0.346905162207098,-0.213362598555606,0.562426953270309,-0.6,-0.551916558792549,0.807951677059276,0.66,0.59,1,100,"PL","5 Slopes","2nd","Intercept"
244,"f12.1",-0.174170358064625,0.269096354025064,-0.217712947580782,0.327641437704589,0.8,-0.701599211953752,0.353258495824501,0.68,0.94,1,100,"PL","5 Slopes","2nd","Slope"
244,"f12.2",0.116847042126346,0.205892553245406,-0.233694084252692,0.874445016040794,-0.5,-0.28670236223465,0.520396446487343,0.84,0.6,1,100,"PL","5 Slopes","2nd","Slope"
244,"f2.0",0.0764372290265958,0.159627670550921,-0.191093072566489,0.961942480391331,-0.4,-0.236433005253209,0.3893074633064,0.86,0.56,1,100,"PL","5 Slopes","1st","Intercept"
244,"f2.1",-0.069770564359475,0.1561218028757,-0.116284273932458,0.297891386802074,0.6,-0.375769297995847,0.236228169276897,0.87,0.95,1,100,"PL","5 Slopes","1st","Slope"
403,"f1.0",-0.00305970160239321,0.126568368497782,0.015298508011966,1.42745130756919,-0.2,-0.251133703858045,0.245014300653259,0.94,0.37,1,100,"PL","5 Slopes","1st","Intercept"
403,"f1.1",0.00733854141691995,0.134617720613338,0.0183463535422999,0.416520854819913,0.4,-0.256512190985223,0.271189273819063,0.96,0.85,1,100,"PL","5 Slopes","1st","Slope"
403,"f1.2",0.0232691948492523,0.102642450064749,-0.0775639828308409,0.531353986285363,-0.3,-0.177910007277657,0.224448396976161,0.94,0.74,1,100,"PL","5 Slopes","1st","Slope"
403,"f12.0",0.125508450716972,0.227245552056173,-0.209180751194953,0.575080807634947,-0.6,-0.319892831313128,0.570909732747072,0.78,0.75,1,100,"PL","5 Slopes","2nd","Intercept"
403,"f12.1",-0.177344666440408,0.24689207684528,-0.221680833050509,0.318839431009965,0.8,-0.661253137057156,0.306563804176341,0.6,0.9,1,100,"PL","5 Slopes","2nd","Slope"
403,"f12.2",0.0771667397444432,0.161948735807964,-0.154333479488886,0.432168289233117,-0.5,-0.240252782439165,0.394586261928052,0.84,0.79,1,100,"PL","5 Slopes","2nd","Slope"
403,"f2.0",0.0370497370625226,0.141450327296946,-0.0926243426563066,0.500956217940114,-0.4,-0.240192904439491,0.314292378564536,0.89,0.78,1,100,"PL","5 Slopes","1st","Intercept"
403,"f2.1",-0.0751730708707827,0.120023213626501,-0.125288451451304,0.229409422437361,0.6,-0.310418569578724,0.160072427837158,0.87,1,1,100,"PL","5 Slopes","1st","Slope"
665,"f1.0",-0.0128205831301949,0.10913986607824,0.0641029156509745,1.11513828451784,-0.2,-0.226734720643544,0.201093554383155,0.97,0.47,1,100,"PL","5 Slopes","1st","Intercept"
665,"f1.1",-0.000919211352577565,0.101451678652602,-0.00229802838144391,0.279181127572272,0.4,-0.199764501511677,0.197926078806522,0.93,0.98,1,100,"PL","5 Slopes","1st","Slope"
665,"f1.2",0.0150310622658417,0.0867297501048293,-0.0501035408861389,0.348823856195256,-0.3,-0.154959247939624,0.185021372471307,0.97,0.89,1,100,"PL","5 Slopes","1st","Slope"
665,"f12.0",0.125414697596536,0.203708381924975,-0.209024495994227,0.570113395345259,-0.6,-0.273853730976414,0.524683126169487,0.84,0.81,1,100,"PL","5 Slopes","2nd","Intercept"
665,"f12.1",-0.106955065091283,0.175614927437491,-0.133693831364104,0.221824884170389,0.8,-0.451160322868765,0.237250192686198,0.81,1,1,100,"PL","5 Slopes","2nd","Slope"
665,"f12.2",0.0465345735200795,0.13916004958769,-0.093069147040159,0.293038268195575,-0.5,-0.226219123671792,0.319288270711951,0.85,0.95,1,100,"PL","5 Slopes","2nd","Slope"
665,"f2.0",-0.00116228091680063,0.120391255592522,0.00290570229200158,0.324245536305823,-0.4,-0.237129141878144,0.234804580044542,0.95,0.93,1,100,"PL","5 Slopes","1st","Intercept"
665,"f2.1",-0.0327280987412812,0.087200004478609,-0.0545468312354687,0.166209034773699,0.6,-0.203640107519355,0.138183910036792,0.96,1,1,100,"PL","5 Slopes","1st","Slope"
1096,"f1.0",0.00158883024251671,0.0913667360651765,-0.00794415121258354,0.706558010218476,-0.2,-0.177489972445229,0.180667632930263,0.95,0.57,1,100,"PL","5 Slopes","1st","Intercept"
1096,"f1.1",-0.00303573686432649,0.0872404566352321,-0.00758934216081623,0.228268392908679,0.4,-0.174027031869381,0.167955558140728,0.96,1,1,100,"PL","5 Slopes","1st","Slope"
1096,"f1.2",0.00908305670470522,0.0788759977515122,-0.0302768556823507,0.266579665690136,-0.3,-0.145513898888259,0.163680012297669,0.88,0.97,1,100,"PL","5 Slopes","1st","Slope"
1096,"f12.0",0.05565129232206,0.172805526652447,-0.0927521538701001,0.289444472828831,-0.6,-0.283047539916737,0.394350124560857,0.89,0.95,1,100,"PL","5 Slopes","2nd","Intercept"
1096,"f12.1",-0.0599120247784336,0.14005397216145,-0.074890030973042,0.166426611736179,0.8,-0.334417810214875,0.214593760658007,0.85,1,1,100,"PL","5 Slopes","2nd","Slope"
1096,"f12.2",0.0542389290210786,0.120198322978792,-0.108477858042157,0.260307364191271,-0.5,-0.181349784017354,0.289827642059512,0.87,0.97,1,100,"PL","5 Slopes","2nd","Slope"
1096,"f2.0",0.0137420695943997,0.107788703413368,-0.0343551739859991,0.273915644496725,-0.4,-0.197523789095802,0.225007928284601,0.9,0.98,1,100,"PL","5 Slopes","1st","Intercept"
1096,"f2.1",-0.0190755949307963,0.0789373426451661,-0.0317926582179939,0.136870306117238,0.6,-0.173792786515322,0.135641596653729,0.92,1,1,100,"PL","5 Slopes","1st","Slope"
1808,"f1.0",-0.0121958196459887,0.0674980143255411,0.0609790982299436,0.413198166056275,-0.2,-0.144491927724049,0.120100288432072,0.94,0.83,1,100,"PL","5 Slopes","1st","Intercept"
1808,"f1.1",0.00924484162345251,0.0705083163954235,0.0231121040586313,0.169732761732239,0.4,-0.128951458511577,0.147441141758483,0.95,1,1,100,"PL","5 Slopes","1st","Slope"
1808,"f1.2",0.00376306743283053,0.0570775210389129,-0.0125435581094351,0.199818759467241,-0.3,-0.108108873803439,0.1156350086691,0.94,1,1,100,"PL","5 Slopes","1st","Slope"
1808,"f12.0",0.0623641064648785,0.121126229393542,-0.103940177441464,0.242904792581177,-0.6,-0.175043303146464,0.299771516076221,0.91,1,1,100,"PL","5 Slopes","2nd","Intercept"
1808,"f12.1",-0.0439585229424096,0.114212961981765,-0.054948153678012,0.131468565877857,0.8,-0.26781592842667,0.17989888254185,0.86,1,1,100,"PL","5 Slopes","2nd","Slope"
1808,"f12.2",0.0274166229184794,0.0917969827872565,-0.0548332458369587,0.182192486351898,-0.5,-0.152505463344543,0.207338709181502,0.92,1,1,100,"PL","5 Slopes","2nd","Slope"
1808,"f2.0",-0.0114544917133774,0.0716191201126409,0.0286362292834435,0.186554393442125,-0.4,-0.151827967134153,0.128918983707399,0.93,1,1,100,"PL","5 Slopes","1st","Intercept"
1808,"f2.1",-0.00122590514411773,0.0589983238279623,-0.00204317524019621,0.103962328569547,0.6,-0.116862619846924,0.114410809558688,0.99,1,1,100,"PL","5 Slopes","1st","Slope"
2980,"f1.0",-0.00445925429461914,0.059536344362705,0.0222962714730957,0.330015977686611,-0.2,-0.121150489245521,0.112231980656283,0.92,0.93,1,100,"PL","5 Slopes","1st","Intercept"
2980,"f1.1",0.00118833946921673,0.0537284278671653,0.00297084867304182,0.135540718424949,0.4,-0.104119379150427,0.106496058088861,0.93,1,1,100,"PL","5 Slopes","1st","Slope"
2980,"f1.2",0.00348924968748745,0.0486081941607273,-0.0116308322916248,0.156385422759429,-0.3,-0.091782810867538,0.0987613102425129,0.91,1,1,100,"PL","5 Slopes","1st","Slope"
2980,"f12.0",0.0166099523689628,0.106997401215598,-0.0276832539482713,0.174387280077036,-0.6,-0.193104954013608,0.226324858751534,0.89,1,1,100,"PL","5 Slopes","2nd","Intercept"
2980,"f12.1",-0.0226321254450012,0.074719401444642,-0.0282901568062515,0.0992050383551836,0.8,-0.169082152276499,0.123817901386497,0.92,1,1,100,"PL","5 Slopes","2nd","Slope"
2980,"f12.2",0.00801250756467941,0.0705202284305332,-0.0160250151293588,0.135083942148408,-0.5,-0.130207140159166,0.146232155288524,0.92,1,1,100,"PL","5 Slopes","2nd","Slope"
2980,"f2.0",0.0126457035017033,0.0649462595751926,-0.0316142587542583,0.157999049606531,-0.4,-0.114648965265674,0.139940372269081,0.92,1,1,100,"PL","5 Slopes","1st","Intercept"
2980,"f2.1",-0.019132161690709,0.0499711703481749,-0.0318869361511816,0.0798364015722429,0.6,-0.117075655573132,0.0788113321917139,0.89,1,1,100,"PL","5 Slopes","1st","Slope"
