"n.sites","Parameter","mu.bias","sd.bias","mu.p.bias","mu.CV","og.val","bias.lci","bias.uci","CR","PWR","Conv.rate","ndatasets","Lik","Scenario","IntStrength","IntType","NatPam","CoeffReg"
20,"f1.0",-0.383879268065387,2.37974763001063,0.959698170163469,3.24525852429481,-0.4,-5.04818462288623,4.28042608675545,1,0,1,100,"LL","Scenario1","Strong","Positive interaction ","f1.0","alpha0"
20,"f12.0",1.15662118230415,3.37771803063812,1.15662118230415,295.152153689382,1,-5.46370615774655,7.77694852235486,0.98,0.01,1,100,"LL","Scenario1","Strong","Positive interaction ","f12.0","beta0"
20,"f2.0",-0.498833860767208,2.51715081354324,1.24708465191802,3.52143597446812,-0.4,-5.43244945531196,4.43478173377755,1,0,1,100,"LL","Scenario1","Strong","Positive interaction ","f2.0","gamma0"
33,"f1.0",-0.41174251612454,1.53833854158464,1.02935629031135,16.6895725872632,-0.4,-3.42688605763043,2.60340102538135,1,0.01,1,100,"LL","Scenario1","Strong","Positive interaction ","f1.0","alpha0"
33,"f12.0",0.619196289153741,1.84309286924145,0.619196289153741,2.01713397969112,1,-2.9932657345595,4.23165831286698,0.99,0.03,1,100,"LL","Scenario1","Strong","Positive interaction ","f12.0","beta0"
33,"f2.0",-0.0361449534292487,0.755514786569247,0.0903623835731218,3.67378846258511,-0.4,-1.51695393510497,1.44466402824648,1,0,1,100,"LL","Scenario1","Strong","Positive interaction ","f2.0","gamma0"
54,"f1.0",-0.179314143189764,0.721699737104221,0.448285357974409,2.41803613304522,-0.4,-1.59384562791404,1.23521734153451,0.98,0,1,100,"LL","Scenario1","Strong","Positive interaction ","f1.0","alpha0"
54,"f12.0",0.365367256898706,1.0586169060563,0.365367256898706,8171.58092339893,1,-1.70952187897165,2.44025639276906,0.99,0.18,1,100,"LL","Scenario1","Strong","Positive interaction ","f12.0","beta0"
54,"f2.0",-0.136857892598704,0.637451844280608,0.342144731496759,3.96661176953374,-0.4,-1.38626350738869,1.11254772219129,0.98,0.03,1,100,"LL","Scenario1","Strong","Positive interaction ","f2.0","gamma0"
90,"f1.0",0.00543445656129133,0.439208049418078,-0.0135861414032283,4.01942133876749,-0.4,-0.855413320298142,0.866282233420724,0.95,0.12,1,100,"LL","Scenario1","Strong","Positive interaction ","f1.0","alpha0"
90,"f12.0",0.0307323528637084,0.688041205011439,0.0307323528637084,1.34409935509271,1,-1.31782840895871,1.37929311468613,0.95,0.33,1,100,"LL","Scenario1","Strong","Positive interaction ","f12.0","beta0"
90,"f2.0",-0.0253097891710505,0.496307277896887,0.0632744729276264,2.91898543988874,-0.4,-0.998072053848948,0.947452475506847,0.98,0.11,1,100,"LL","Scenario1","Strong","Positive interaction ","f2.0","gamma0"
148,"f1.0",-0.0220902106881221,0.296385635374944,0.0552255267203052,1.47833787467201,-0.4,-0.603006056023012,0.558825634646767,0.99,0.24,1,100,"LL","Scenario1","Strong","Positive interaction ","f1.0","alpha0"
148,"f12.0",0.0557023373550241,0.606195393052969,0.0557023373550241,0.615043692836761,1,-1.13244063302879,1.24384530773884,0.98,0.58,1,100,"LL","Scenario1","Strong","Positive interaction ","f12.0","beta0"
148,"f2.0",-0.0414793097181998,0.500347524937678,0.103698274295499,1.72844188470912,-0.4,-1.02216045859605,0.939201839159648,0.98,0.27,1,100,"LL","Scenario1","Strong","Positive interaction ","f2.0","gamma0"
244,"f1.0",-0.00675735588811625,0.253999482951892,0.0168933897202906,1.21382653635341,-0.4,-0.504596342473824,0.491081630697591,0.97,0.36,1,100,"LL","Scenario1","Strong","Positive interaction ","f1.0","alpha0"
244,"f12.0",0.016202312997965,0.411342500574282,0.016202312997965,0.433133662354836,1,-0.790028988127628,0.822433614123558,0.95,0.79,1,100,"LL","Scenario1","Strong","Positive interaction ","f12.0","beta0"
244,"f2.0",0.00441183040190432,0.264199843244237,-0.0110295760047608,8.57339738331983,-0.4,-0.513419862356799,0.522243523160608,0.94,0.34,1,100,"LL","Scenario1","Strong","Positive interaction ","f2.0","gamma0"
403,"f1.0",-0.0302640955928491,0.196071380523202,0.0756602389821228,1.82565154402989,-0.4,-0.414564001418324,0.354035810232626,0.92,0.66,1,100,"LL","Scenario1","Strong","Positive interaction ","f1.0","alpha0"
403,"f12.0",-0.00184447908906897,0.276292809841764,-0.00184447908906897,0.302091118531803,1,-0.543378386378927,0.539689428200789,0.93,0.96,1,100,"LL","Scenario1","Strong","Positive interaction ","f12.0","beta0"
403,"f2.0",0.011912668248491,0.189942644722004,-0.0297816706212275,0.850482188075679,-0.4,-0.360374915406636,0.384200251903618,0.96,0.57,1,100,"LL","Scenario1","Strong","Positive interaction ","f2.0","gamma0"
665,"f1.0",0.0149797659831662,0.134713898978442,-0.0374494149579154,0.450586888267174,-0.4,-0.249059476014581,0.279019007980913,0.97,0.74,1,100,"LL","Scenario1","Strong","Positive interaction ","f1.0","alpha0"
665,"f12.0",-0.0310392013851333,0.210036252184952,-0.0310392013851333,0.233968290116021,1,-0.442710255667638,0.380631852897372,0.95,1,1,100,"LL","Scenario1","Strong","Positive interaction ","f12.0","beta0"
665,"f2.0",0.0229910669964135,0.145622781161313,-0.0574776674910339,1.69995497557286,-0.4,-0.262429584079761,0.308411718072588,0.94,0.75,1,100,"LL","Scenario1","Strong","Positive interaction ","f2.0","gamma0"
1096,"f1.0",-0.00530526592963489,0.112748966515545,0.0132631648240872,0.308075010737234,-0.4,-0.226293240300104,0.215682708440834,0.97,0.95,1,100,"LL","Scenario1","Strong","Positive interaction ","f1.0","alpha0"
1096,"f12.0",0.0347999860555118,0.169432047268183,0.0347999860555118,0.167515014997262,1,-0.297286826590126,0.36688679870115,0.96,1,1,100,"LL","Scenario1","Strong","Positive interaction ","f12.0","beta0"
1096,"f2.0",-0.018532004496975,0.117217253657232,0.0463300112424375,0.298372208404026,-0.4,-0.24827782166515,0.2112138126712,0.97,0.94,1,100,"LL","Scenario1","Strong","Positive interaction ","f2.0","gamma0"
1808,"f1.0",0.00193240830222576,0.084091617680563,-0.0048310207555644,0.233469960920278,-0.4,-0.162887162351678,0.166751978956129,0.95,1,1,100,"LL","Scenario1","Strong","Positive interaction ","f1.0","alpha0"
1808,"f12.0",-0.00614262031414327,0.122422267618769,-0.00614262031414327,0.133037177730774,1,-0.24609026484693,0.233805024218644,0.97,1,1,100,"LL","Scenario1","Strong","Positive interaction ","f12.0","beta0"
1808,"f2.0",0.00252741555525191,0.0850689536667774,-0.00631853888812978,0.235593040177487,-0.4,-0.164207733631632,0.169262564742136,0.94,0.99,1,100,"LL","Scenario1","Strong","Positive interaction ","f2.0","gamma0"
2980,"f1.0",-1.50707781371178e-08,0.0692992286277134,3.76769453439046e-08,0.178519930170274,-0.4,-0.135826503181096,0.13582647303954,0.95,1,1,100,"LL","Scenario1","Strong","Positive interaction ","f1.0","alpha0"
2980,"f12.0",0.00568144919725495,0.114816401395593,0.00568144919725495,0.102186513765058,1,-0.219358697538107,0.230721595932617,0.93,1,1,100,"LL","Scenario1","Strong","Positive interaction ","f12.0","beta0"
2980,"f2.0",0.00312230691758421,0.0782408225609826,-0.00780576729396052,0.180537568895795,-0.4,-0.150229705301942,0.15647431913711,0.93,1,1,100,"LL","Scenario1","Strong","Positive interaction ","f2.0","gamma0"
20,"f1.0",0.109395419840289,1.95780229472107,-0.273488549600723,3.57844968743874,-0.4,-3.72789707781302,3.94668791749359,1,0.01,1,100,"LL","Scenario2","Weak","Positive interaction ","f1.0","alpha0"
20,"f12.0",-0.194848080474991,4.05662484495264,-0.974240402374956,27631.0523643164,0.2,-8.14583277658217,7.75613661563219,0.99,0,1,100,"LL","Scenario2","Weak","Positive interaction ","f12.0","beta0"
20,"f2.0",0.0964827822807118,2.25761253482661,-0.241206955701779,4.08274302844829,-0.4,-4.32843778597945,4.52140335054087,1,0,1,100,"LL","Scenario2","Weak","Positive interaction ","f2.0","gamma0"
33,"f1.0",-0.0766340055548632,0.794026456879432,0.191585013887158,2.90267514189903,-0.4,-1.63292586103855,1.47965784992882,1,0.01,1,100,"LL","Scenario2","Weak","Positive interaction ","f1.0","alpha0"
33,"f12.0",0.266857908974352,1.37361900683593,1.33428954487176,203.351044961345,0.2,-2.42543534442407,2.95915116237277,1,0,1,100,"LL","Scenario2","Weak","Positive interaction ","f12.0","beta0"
33,"f2.0",-0.109311201940073,0.979128332659357,0.273278004850183,19.9474147062063,-0.4,-2.02840273395241,1.80978033007227,1,0.08,1,100,"LL","Scenario2","Weak","Positive interaction ","f2.0","gamma0"
54,"f1.0",-0.0333844892166422,0.56059722764721,0.0834612230416055,3.86383703340744,-0.4,-1.13215505540517,1.06538607697189,0.97,0.14,1,100,"LL","Scenario2","Weak","Positive interaction ","f1.0","alpha0"
54,"f12.0",-0.021195438633286,0.683930826692064,-0.10597719316643,2245.47661574822,0.2,-1.36169985894973,1.31930898168316,0.99,0.03,1,100,"LL","Scenario2","Weak","Positive interaction ","f12.0","beta0"
54,"f2.0",0.0806041763845584,0.437548404609709,-0.201510440961396,5.28269833045853,-0.4,-0.776990696650472,0.938199049419589,0.99,0.07,1,100,"LL","Scenario2","Weak","Positive interaction ","f2.0","gamma0"
90,"f1.0",-0.0717879538548995,0.360568105839745,0.179469884637249,1.65736019689488,-0.4,-0.778501441300801,0.634925533591002,0.97,0.26,1,100,"LL","Scenario2","Weak","Positive interaction ","f1.0","alpha0"
90,"f12.0",0.0937051312989464,0.612600065740584,0.468525656494732,1.91805494866552,0.2,-1.1069909975526,1.29440126015049,0.95,0.04,1,100,"LL","Scenario2","Weak","Positive interaction ","f12.0","beta0"
90,"f2.0",-0.0547885771476206,0.362557387381236,0.136971442869051,2.04095258572027,-0.4,-0.765401056414843,0.655823902119602,0.96,0.22,1,100,"LL","Scenario2","Weak","Positive interaction ","f2.0","gamma0"
148,"f1.0",-0.0289160074749996,0.293367178490711,0.072290018687499,2.1783081530839,-0.4,-0.603915677316792,0.546083662366793,0.97,0.37,1,100,"LL","Scenario2","Weak","Positive interaction ","f1.0","alpha0"
148,"f12.0",0.0318591103414401,0.435204928292029,0.159295551707201,2.90272978391173,0.2,-0.821142549110937,0.884860769793818,0.96,0.06,1,100,"LL","Scenario2","Weak","Positive interaction ","f12.0","beta0"
148,"f2.0",0.0162702926104611,0.2747458581073,-0.0406757315261527,1.53609437489289,-0.4,-0.522231589279848,0.55477217450077,0.94,0.26,1,100,"LL","Scenario2","Weak","Positive interaction ","f2.0","gamma0"
244,"f1.0",-0.00185737643110022,0.228301775464579,0.00464344107775055,1.49231132705055,-0.4,-0.449328856341674,0.445614103479474,0.95,0.44,1,100,"LL","Scenario2","Weak","Positive interaction ","f1.0","alpha0"
244,"f12.0",0.0209359051353284,0.347780387292988,0.104679525676642,2.60608705256461,0.2,-0.660713653958929,0.702585464229585,0.93,0.1,1,100,"LL","Scenario2","Weak","Positive interaction ","f12.0","beta0"
244,"f2.0",0.00901609554466603,0.201525412127447,-0.0225402388616651,0.823128588587957,-0.4,-0.385973712225129,0.404005903314462,0.99,0.46,1,100,"LL","Scenario2","Weak","Positive interaction ","f2.0","gamma0"
403,"f1.0",0.00606625277859376,0.178963949744467,-0.0151656319464844,12.4782801117843,-0.4,-0.344703088720562,0.356835594277749,0.92,0.61,1,100,"LL","Scenario2","Weak","Positive interaction ","f1.0","alpha0"
403,"f12.0",0.0194081218332,0.2887810588745,0.0970406091659999,4.46149401334179,0.2,-0.54660275356082,0.58541899722722,0.95,0.16,1,100,"LL","Scenario2","Weak","Positive interaction ","f12.0","beta0"
403,"f2.0",-0.00087174240906568,0.164931067877544,0.00217935602266421,0.908976150459265,-0.4,-0.324136635449052,0.322393150630921,0.95,0.72,1,100,"LL","Scenario2","Weak","Positive interaction ","f2.0","gamma0"
665,"f1.0",-0.00268758492976391,0.128739188900113,0.00671896232440977,0.369362122930278,-0.4,-0.255016395173986,0.249641225314458,0.95,0.87,1,100,"LL","Scenario2","Weak","Positive interaction ","f1.0","alpha0"
665,"f12.0",-0.00904851212212075,0.192088119829138,-0.0452425606106037,1.89075733993118,0.2,-0.38554122698723,0.367444202742989,0.99,0.16,1,100,"LL","Scenario2","Weak","Positive interaction ","f12.0","beta0"
665,"f2.0",0.0223516577472631,0.118287091757856,-0.0558791443681577,0.384926580677419,-0.4,-0.209491042098135,0.254194357592661,0.94,0.87,1,100,"LL","Scenario2","Weak","Positive interaction ","f2.0","gamma0"
1096,"f1.0",0.00376451564801778,0.0981231962598041,-0.00941128912004444,0.267789654856972,-0.4,-0.188556949021198,0.196085980317234,0.94,0.98,1,100,"LL","Scenario2","Weak","Positive interaction ","f1.0","alpha0"
1096,"f12.0",-0.00782993654099323,0.158250360663934,-0.0391496827049661,2.31100278357925,0.2,-0.318000643442304,0.302340770360318,0.94,0.26,1,100,"LL","Scenario2","Weak","Positive interaction ","f12.0","beta0"
1096,"f2.0",0.0177849778494805,0.103865771521024,-0.0444624446237013,0.283269308974281,-0.4,-0.185791934331727,0.221361890030688,0.95,0.98,1,100,"LL","Scenario2","Weak","Positive interaction ","f2.0","gamma0"
1808,"f1.0",0.00716152221358443,0.0773906448190573,-0.0179038055339611,0.203323117000486,-0.4,-0.144524141631768,0.158847186058937,0.93,1,1,100,"LL","Scenario2","Weak","Positive interaction ","f1.0","alpha0"
1808,"f12.0",-0.0221961110170413,0.134774215196629,-0.110980555085206,1.4487265539032,0.2,-0.286353572802435,0.241961350768353,0.9,0.33,1,100,"LL","Scenario2","Weak","Positive interaction ","f12.0","beta0"
1808,"f2.0",0.00442078872082358,0.0688307510933734,-0.0110519718020589,0.200847484073573,-0.4,-0.130487483422188,0.139329060863835,0.99,1,1,100,"LL","Scenario2","Weak","Positive interaction ","f2.0","gamma0"
2980,"f1.0",0.00431941795917522,0.0561489060742568,-0.010798544897938,0.154486978270961,-0.4,-0.105732437946368,0.114371273864719,0.99,1,1,100,"LL","Scenario2","Weak","Positive interaction ","f1.0","alpha0"
2980,"f12.0",0.00504772901307981,0.0881860771850432,0.0252386450653991,0.683704754384833,0.2,-0.167796982269605,0.177892440295764,0.98,0.59,1,100,"LL","Scenario2","Weak","Positive interaction ","f12.0","beta0"
2980,"f2.0",3.78844368062003e-05,0.0534007595154564,-9.47110920155003e-05,0.152421860720255,-0.4,-0.104627604213488,0.104703373087101,0.96,1,1,100,"LL","Scenario2","Weak","Positive interaction ","f2.0","gamma0"
20,"f1.0",-0.109364734240577,1.98956120919328,0.546823671202885,3.98826693455331,-0.2,-4.00890470425941,3.79017523577826,1,0,1,100,"LL","Scenario5","Moderate","Positive interaction ","f1.0","alpha0"
20,"f12.0",0.519216643792173,2.72848845530825,0.865361072986956,3602.90316424824,0.6,-4.828620728612,5.86705401619635,1,0,1,100,"LL","Scenario5","Moderate","Positive interaction ","f12.0","beta0"
20,"f2.0",0.0259928771038026,1.94832937498245,-0.129964385519013,4.01342121998201,-0.2,-3.79273269786179,3.8447184520694,1,0,1,100,"LL","Scenario5","Moderate","Positive interaction ","f2.0","gamma0"
33,"f1.0",0.0276892841749378,1.43188783352124,-0.138446420874689,7.5417104337609,-0.2,-2.77881086952669,2.83418943787656,0.99,0.01,1,100,"LL","Scenario5","Moderate","Positive interaction ","f1.0","alpha0"
33,"f12.0",0.34268162283149,2.38998078999608,0.571136038052484,3.19354899368546,0.6,-4.34168072556082,5.0270439712238,0.99,0.01,1,100,"LL","Scenario5","Moderate","Positive interaction ","f12.0","beta0"
33,"f2.0",-0.141812817402307,1.54616379251833,0.709064087011533,8.16649763159974,-0.2,-3.17229385073823,2.88866821593361,1,0,1,100,"LL","Scenario5","Moderate","Positive interaction ","f2.0","gamma0"
54,"f1.0",0.0790682376817714,0.55524960278616,-0.395341188408857,4.32626021816732,-0.2,-1.0092209837791,1.16735745914265,1,0.01,1,100,"LL","Scenario5","Moderate","Positive interaction ","f1.0","alpha0"
54,"f12.0",-0.0930896405717936,0.780558536389145,-0.155149400952989,362.045382722218,0.6,-1.62298437189452,1.43680509075093,0.99,0.05,1,100,"LL","Scenario5","Moderate","Positive interaction ","f12.0","beta0"
54,"f2.0",0.18036302825576,0.634976981801825,-0.901815141278802,5.62682111094067,-0.2,-1.06419185607582,1.42491791258734,0.99,0,1,100,"LL","Scenario5","Moderate","Positive interaction ","f2.0","gamma0"
90,"f1.0",0.0174340702374621,0.420874515573724,-0.0871703511873106,3.3542865258959,-0.2,-0.807479980287037,0.842348120761962,0.98,0.05,1,100,"LL","Scenario5","Moderate","Positive interaction ","f1.0","alpha0"
90,"f12.0",0.0151737508242143,0.5706648739192,0.0252895847070239,22321.471162397,0.6,-1.10332940205742,1.13367690370585,0.98,0.12,1,100,"LL","Scenario5","Moderate","Positive interaction ","f12.0","beta0"
90,"f2.0",-0.0507921974307288,0.424496478081578,0.253960987153644,5.18244237798216,-0.2,-0.882805294470622,0.781220899609165,0.96,0.06,1,100,"LL","Scenario5","Moderate","Positive interaction ","f2.0","gamma0"
148,"f1.0",0.0407696414042478,0.318561525947311,-0.203848207021239,3.86660831243615,-0.2,-0.583610949452483,0.665150232260978,0.97,0.09,1,100,"LL","Scenario5","Moderate","Positive interaction ","f1.0","alpha0"
148,"f12.0",-0.0621845737256186,0.499653646889271,-0.103640956209364,6.87823949145584,0.6,-1.04150572162859,0.917136574177352,0.97,0.2,1,100,"LL","Scenario5","Moderate","Positive interaction ","f12.0","beta0"
148,"f2.0",0.0518934691815272,0.299561576468027,-0.259467345907636,4.26167262373332,-0.2,-0.535247220695806,0.63903415905886,0.97,0.05,1,100,"LL","Scenario5","Moderate","Positive interaction ","f2.0","gamma0"
244,"f1.0",-0.0186822041757954,0.245087363720905,0.0934110208789771,2.49197547337072,-0.2,-0.499053437068769,0.461689028717178,0.97,0.15,1,100,"LL","Scenario5","Moderate","Positive interaction ","f1.0","alpha0"
244,"f12.0",0.0536143175113022,0.386759551765839,0.0893571958521704,1.27590504434313,0.6,-0.704434403949741,0.811663038972346,0.92,0.48,1,100,"LL","Scenario5","Moderate","Positive interaction ","f12.0","beta0"
244,"f2.0",-0.0290800586411373,0.256300602318532,0.145400293205687,5.06615885678182,-0.2,-0.53142923918546,0.473269121903185,0.95,0.15,1,100,"LL","Scenario5","Moderate","Positive interaction ","f2.0","gamma0"
403,"f1.0",0.0102004433052879,0.181720116156597,-0.0510022165264393,3.38751860898655,-0.2,-0.345970984361643,0.366371870972218,0.98,0.23,1,100,"LL","Scenario5","Moderate","Positive interaction ","f1.0","alpha0"
403,"f12.0",-0.00869974698012959,0.229654667169706,-0.014499578300216,1.73063077670731,0.6,-0.458822894632753,0.441423400672494,0.94,0.61,1,100,"LL","Scenario5","Moderate","Positive interaction ","f12.0","beta0"
403,"f2.0",-0.00104937295670918,0.183906452374687,0.00524686478354589,1.9958598113512,-0.2,-0.361506019611096,0.359407273697678,0.94,0.18,1,100,"LL","Scenario5","Moderate","Positive interaction ","f2.0","gamma0"
665,"f1.0",-0.0136707284542864,0.141221746810968,0.068353642271432,1.33917949208959,-0.2,-0.290465352203784,0.263123895295211,0.96,0.33,1,100,"LL","Scenario5","Moderate","Positive interaction ","f1.0","alpha0"
665,"f12.0",0.00502686573544847,0.219715362644007,0.00837810955908078,0.416584186061248,0.6,-0.425615245046806,0.435668976517703,0.96,0.82,1,100,"LL","Scenario5","Moderate","Positive interaction ","f12.0","beta0"
665,"f2.0",-0.0116601652607004,0.150512936218788,0.058300826303502,3.47426970019013,-0.2,-0.306665520249525,0.283345189728124,0.93,0.38,1,100,"LL","Scenario5","Moderate","Positive interaction ","f2.0","gamma0"
1096,"f1.0",-0.00601589147121526,0.121365755525534,0.0300794573560763,1.50455524391807,-0.2,-0.243892772301262,0.231860989358831,0.9,0.48,1,100,"LL","Scenario5","Moderate","Positive interaction ","f1.0","alpha0"
1096,"f12.0",0.0258009066709636,0.170389354324543,0.0430015111182726,0.285139004727746,0.6,-0.308162227805141,0.359764041147068,0.91,0.96,1,100,"LL","Scenario5","Moderate","Positive interaction ","f12.0","beta0"
1096,"f2.0",-0.0123682934317772,0.104695982672651,0.0618414671588862,2.19126928789077,-0.2,-0.217572419470174,0.19283583260662,0.98,0.48,1,100,"LL","Scenario5","Moderate","Positive interaction ","f2.0","gamma0"
1808,"f1.0",0.0216461273805137,0.076061855376088,-0.108230636902568,0.603142018679867,-0.2,-0.127435109156619,0.170727363917646,1,0.52,1,100,"LL","Scenario5","Moderate","Positive interaction ","f1.0","alpha0"
1808,"f12.0",-0.0316585948859303,0.111512214684249,-0.0527643248098839,0.229496567239713,0.6,-0.250222535667059,0.186905345895198,0.99,1,1,100,"LL","Scenario5","Moderate","Positive interaction ","f12.0","beta0"
1808,"f2.0",0.0120028429863946,0.0704973554412603,-0.0600142149319731,0.59721381656085,-0.2,-0.126171973678476,0.150177659651265,0.98,0.57,1,100,"LL","Scenario5","Moderate","Positive interaction ","f2.0","gamma0"
2980,"f1.0",0.00218663461861001,0.0637347119018973,-0.01093317309305,0.386731746829046,-0.2,-0.122733400709109,0.127106669946329,0.98,0.86,1,100,"LL","Scenario5","Moderate","Positive interaction ","f1.0","alpha0"
2980,"f12.0",-0.0046755569528581,0.0935996942301128,-0.00779259492143016,0.168664441858398,0.6,-0.188130957643879,0.178779843738163,0.95,1,1,100,"LL","Scenario5","Moderate","Positive interaction ","f12.0","beta0"
2980,"f2.0",0.007196026119002,0.0673745131958777,-0.03598013059501,0.548820499946376,-0.2,-0.124858019744918,0.139250071982922,0.94,0.86,1,100,"LL","Scenario5","Moderate","Positive interaction ","f2.0","gamma0"
20,"f1.0",0.523278382006734,2.30621762207329,5.23278382006734,3.29905831745974,0.1,-3.99690815725692,5.04346492127038,0.99,0,1,100,"LL","Scenario3","Strong","Negative interaction","f1.0","alpha0"
20,"f12.0",-1.58293052783643,4.46408476989463,1.58293052783643,170.981138270209,-1,-10.3325366768299,7.16667562115705,1,0.02,1,100,"LL","Scenario3","Strong","Negative interaction","f12.0","beta0"
20,"f2.0",0.545252122514218,2.31772690519223,5.45252122514218,16.1398188538585,0.1,-3.99749261166255,5.08799685669099,1,0,1,100,"LL","Scenario3","Strong","Negative interaction","f2.0","gamma0"
33,"f1.0",0.411211085995985,1.39320066498579,4.11211085995985,5.4938630026887,0.1,-2.31946221737616,3.14188438936813,0.96,0.03,1,100,"LL","Scenario3","Strong","Negative interaction","f1.0","alpha0"
33,"f12.0",-0.556989444779713,2.11854419656082,0.556989444779713,2.83698748862322,-1,-4.70933607003892,3.5953571804795,0.99,0.07,1,100,"LL","Scenario3","Strong","Negative interaction","f12.0","beta0"
33,"f2.0",0.351641868401279,1.47183115146046,3.51641868401279,21.675955641583,0.1,-2.53314718846122,3.23643092526378,0.98,0.01,1,100,"LL","Scenario3","Strong","Negative interaction","f2.0","gamma0"
54,"f1.0",0.104708692348665,0.537029575070929,1.04708692348665,3.72330672124079,0.1,-0.947869274790355,1.15728665948769,0.98,0.02,1,100,"LL","Scenario3","Strong","Negative interaction","f1.0","alpha0"
54,"f12.0",-0.158363776926235,0.828141976950121,0.158363776926235,136.034186112563,-1,-1.78152205174847,1.464794497896,0.98,0.26,1,100,"LL","Scenario3","Strong","Negative interaction","f12.0","beta0"
54,"f2.0",0.0872874338215565,0.516438887745784,0.872874338215565,3.52298274672258,0.1,-0.924932786160179,1.09950765380329,0.99,0.03,1,100,"LL","Scenario3","Strong","Negative interaction","f2.0","gamma0"
90,"f1.0",0.0155685171625792,0.441326412004202,0.155685171625792,3.59578922343962,0.1,-0.849431250365657,0.880568284690815,0.95,0.04,1,100,"LL","Scenario3","Strong","Negative interaction","f1.0","alpha0"
90,"f12.0",0.0307504112860413,0.638375563908066,-0.0307504112860413,1.14256161091581,-1,-1.22046569397377,1.28196651654585,0.95,0.31,1,100,"LL","Scenario3","Strong","Negative interaction","f12.0","beta0"
90,"f2.0",0.00136748552502778,0.458939788451128,0.0136748552502778,3.48857676019927,0.1,-0.898154499839182,0.900889470889238,0.95,0.05,1,100,"LL","Scenario3","Strong","Negative interaction","f2.0","gamma0"
148,"f1.0",0.0124267217119188,0.299289626670123,0.124267217119188,3.39603166719701,0.1,-0.574180946561522,0.59903438998536,0.96,0.03,1,100,"LL","Scenario3","Strong","Negative interaction","f1.0","alpha0"
148,"f12.0",-0.0206523354493112,0.442911479683125,0.0206523354493112,0.624633399722288,-1,-0.888758835628236,0.847454164729614,0.98,0.61,1,100,"LL","Scenario3","Strong","Negative interaction","f12.0","beta0"
148,"f2.0",0.02556139360607,0.309795217550377,0.2556139360607,189.631941698557,0.1,-0.581637232792668,0.632760020004808,0.97,0.05,1,100,"LL","Scenario3","Strong","Negative interaction","f2.0","gamma0"
244,"f1.0",-0.00408030844419395,0.212859754382436,-0.0408030844419395,4.24982909591622,0.1,-0.421285427033769,0.413124810145381,0.96,0.06,1,100,"LL","Scenario3","Strong","Negative interaction","f1.0","alpha0"
244,"f12.0",0.0289627725537245,0.314676841831745,-0.0289627725537245,0.411302389573688,-1,-0.587803837436497,0.645729382543946,0.95,0.86,1,100,"LL","Scenario3","Strong","Negative interaction","f12.0","beta0"
244,"f2.0",-0.0344994839884178,0.211364039369891,-0.344994839884178,6.08939385878618,0.1,-0.448773001153405,0.379774033176569,0.97,0.04,1,100,"LL","Scenario3","Strong","Negative interaction","f2.0","gamma0"
403,"f1.0",0.0167124988125601,0.18821544689932,0.167124988125601,2.77461967613598,0.1,-0.352189777110108,0.385614774735228,0.94,0.1,1,100,"LL","Scenario3","Strong","Negative interaction","f1.0","alpha0"
403,"f12.0",-0.0418942902743889,0.269288335832196,0.0418942902743889,0.280298410191522,-1,-0.569699428505492,0.485910847956714,0.97,0.98,1,100,"LL","Scenario3","Strong","Negative interaction","f12.0","beta0"
403,"f2.0",0.0395910069325147,0.171512570066508,0.395910069325147,4.41881380584079,0.1,-0.29657363039784,0.375755644262869,0.94,0.12,1,100,"LL","Scenario3","Strong","Negative interaction","f2.0","gamma0"
665,"f1.0",0.00751271613987624,0.140962836966908,0.0751271613987624,3.02416800911944,0.1,-0.268774444315262,0.283799876595015,0.95,0.14,1,100,"LL","Scenario3","Strong","Negative interaction","f1.0","alpha0"
665,"f12.0",-0.013837196685753,0.19669363132888,0.013837196685753,0.21315538572404,-1,-0.399356714090357,0.371682320718851,0.91,1,1,100,"LL","Scenario3","Strong","Negative interaction","f12.0","beta0"
665,"f2.0",0.017669273953905,0.135993286277363,0.17669273953905,2.30250645178081,0.1,-0.248877567149727,0.284216115057536,0.94,0.14,1,100,"LL","Scenario3","Strong","Negative interaction","f2.0","gamma0"
1096,"f1.0",0.00127107376782951,0.108857150333146,0.0127107376782951,1.81395989643472,0.1,-0.212088940885137,0.214631088420796,0.96,0.17,1,100,"LL","Scenario3","Strong","Negative interaction","f1.0","alpha0"
1096,"f12.0",-0.013632304442121,0.168592059253918,0.013632304442121,0.163903210530769,-1,-0.344072740579801,0.316808131695559,0.93,1,1,100,"LL","Scenario3","Strong","Negative interaction","f12.0","beta0"
1096,"f2.0",0.00947910755536848,0.0956981746015744,0.0947910755536847,2.42235157785572,0.1,-0.178089314663717,0.197047529774454,0.97,0.19,1,100,"LL","Scenario3","Strong","Negative interaction","f2.0","gamma0"
1808,"f1.0",-0.00588178145276383,0.085912821448984,-0.0588178145276383,212.083009207293,0.1,-0.174270911492772,0.162507348587245,0.93,0.2,1,100,"LL","Scenario3","Strong","Negative interaction","f1.0","alpha0"
1808,"f12.0",0.00639028803259813,0.124577223520968,-0.00639028803259813,0.128007333931809,-1,-0.237781070068499,0.250561646133695,0.97,1,1,100,"LL","Scenario3","Strong","Negative interaction","f12.0","beta0"
1808,"f2.0",-0.00266199201735455,0.0779478263110709,-0.0266199201735455,1.72207581641764,0.1,-0.155439731587053,0.150115747552344,0.96,0.23,1,100,"LL","Scenario3","Strong","Negative interaction","f2.0","gamma0"
2980,"f1.0",-0.00905938659182593,0.0633616659907236,-0.0905938659182592,1.8263185537465,0.1,-0.133248251933644,0.115129478749992,0.94,0.35,1,100,"LL","Scenario3","Strong","Negative interaction","f1.0","alpha0"
2980,"f12.0",-0.000301278517565116,0.107721749975665,0.000301278517565116,0.0987198039734402,-1,-0.211435908469869,0.210833351434738,0.91,1,1,100,"LL","Scenario3","Strong","Negative interaction","f12.0","beta0"
2980,"f2.0",-0.00163445700143444,0.0647925151540439,-0.0163445700143444,1.27618191158309,0.1,-0.12862778670336,0.125358872700492,0.93,0.35,1,100,"LL","Scenario3","Strong","Negative interaction","f2.0","gamma0"
20,"f1.0",0.0481205175950178,2.2671244859695,0.481205175950178,4.39819380171606,0.1,-4.3954434749052,4.49168451009523,1,0,1,100,"LL","Scenario4","Weak","Negative interaction","f1.0","alpha0"
20,"f12.0",0.113849394829696,3.37429268651928,-0.569246974148481,13730.7961881602,-0.2,-6.49976427074808,6.72746306040748,1,0,1,100,"LL","Scenario4","Weak","Negative interaction","f12.0","beta0"
20,"f2.0",0.217923786980559,2.19738175380683,2.17923786980559,5.9250537857849,0.1,-4.08894445048084,4.52479202444195,1,0,1,100,"LL","Scenario4","Weak","Negative interaction","f2.0","gamma0"
33,"f1.0",0.242182233544864,1.15135327328514,2.42182233544864,6.12131326712481,0.1,-2.01447018209402,2.49883464918375,1,0,1,100,"LL","Scenario4","Weak","Negative interaction","f1.0","alpha0"
33,"f12.0",-0.163744095095879,1.34011298710509,0.818720475479397,81.0767952170461,-0.2,-2.79036554982185,2.46287735963009,1,0.01,1,100,"LL","Scenario4","Weak","Negative interaction","f12.0","beta0"
33,"f2.0",0.21450094089931,1.16580880239779,2.1450094089931,4.02326368675207,0.1,-2.07048431180036,2.49948619359898,1,0,1,100,"LL","Scenario4","Weak","Negative interaction","f2.0","gamma0"
54,"f1.0",0.116770003032785,0.664673912908779,1.16770003032785,3.33104721219523,0.1,-1.18599086626842,1.41953087233399,0.98,0.03,1,100,"LL","Scenario4","Weak","Negative interaction","f1.0","alpha0"
54,"f12.0",-0.11608341592655,0.943634681358189,0.580417079632752,2418.71188536659,-0.2,-1.9656073913886,1.7334405595355,0.98,0.02,1,100,"LL","Scenario4","Weak","Negative interaction","f12.0","beta0"
54,"f2.0",0.0859985048871697,0.730997906642929,0.859985048871697,2.52848155906604,0.1,-1.34675739213297,1.51875440190731,0.99,0.02,1,100,"LL","Scenario4","Weak","Negative interaction","f2.0","gamma0"
90,"f1.0",0.00647411491118164,0.420954260215019,0.0647411491118164,93.7373405051866,0.1,-0.818596235110256,0.831544464932619,0.98,0.02,1,100,"LL","Scenario4","Weak","Negative interaction","f1.0","alpha0"
90,"f12.0",0.0219425735740717,0.542643828902562,-0.109712867870359,1131.04626244769,-0.2,-1.04163933107495,1.08552447822309,0.98,0.04,1,100,"LL","Scenario4","Weak","Negative interaction","f12.0","beta0"
90,"f2.0",0.0245409949006531,0.382813010703196,0.245409949006531,3.02580057906473,0.1,-0.725772506077611,0.774854495878917,1,0,1,100,"LL","Scenario4","Weak","Negative interaction","f2.0","gamma0"
148,"f1.0",0.0372937604231189,0.36407557498473,0.372937604231189,4.19378767982159,0.1,-0.676294366546953,0.750881887393191,0.94,0.1,1,100,"LL","Scenario4","Weak","Negative interaction","f1.0","alpha0"
148,"f12.0",-0.0407053355713491,0.484344851491783,0.203526677856745,4.3030904509293,-0.2,-0.990021244495244,0.908610573352546,0.96,0.11,1,100,"LL","Scenario4","Weak","Negative interaction","f12.0","beta0"
148,"f2.0",0.00525391746572011,0.336232294646305,0.0525391746572011,3.99772763885359,0.1,-0.653761380041037,0.664269214972477,0.98,0.07,1,100,"LL","Scenario4","Weak","Negative interaction","f2.0","gamma0"
244,"f1.0",0.0300595985027652,0.261935358270419,0.300595985027652,9.33817607096192,0.1,-0.483333703707256,0.543452900712787,0.93,0.09,1,100,"LL","Scenario4","Weak","Negative interaction","f1.0","alpha0"
244,"f12.0",-0.0265774220915496,0.382502445066404,0.132887110457748,3.63263476844023,-0.2,-0.776282214421702,0.723127370238602,0.93,0.14,1,100,"LL","Scenario4","Weak","Negative interaction","f12.0","beta0"
244,"f2.0",0.0384683381132369,0.277150560441419,0.384683381132369,2.97654894147414,0.1,-0.504746760351944,0.581683436578418,0.93,0.09,1,100,"LL","Scenario4","Weak","Negative interaction","f2.0","gamma0"
403,"f1.0",0.0153697658822639,0.190909538886065,0.153697658822639,2.99596351878274,0.1,-0.358812930334423,0.389552462098951,0.92,0.07,1,100,"LL","Scenario4","Weak","Negative interaction","f1.0","alpha0"
403,"f12.0",0.0070191159541196,0.25414246972362,-0.035095579770598,2.06546892375559,-0.2,-0.491100124704176,0.505138356612416,0.97,0.11,1,100,"LL","Scenario4","Weak","Negative interaction","f12.0","beta0"
403,"f2.0",0.00709664723161549,0.167671924344614,0.0709664723161549,13.0787034172099,0.1,-0.321540324483828,0.335733618947059,0.97,0.08,1,100,"LL","Scenario4","Weak","Negative interaction","f2.0","gamma0"
665,"f1.0",-0.00310905991670942,0.145273650434862,-0.0310905991670942,3.40181227369274,0.1,-0.28784541476904,0.281627294935621,0.95,0.1,1,100,"LL","Scenario4","Weak","Negative interaction","f1.0","alpha0"
665,"f12.0",0.00969826319245972,0.21344319852961,-0.0484913159622986,3.36820930550024,-0.2,-0.408650405925576,0.428046932310496,0.94,0.17,1,100,"LL","Scenario4","Weak","Negative interaction","f12.0","beta0"
665,"f2.0",0.00573530736606632,0.13515673072884,0.0573530736606632,15.5151367383381,0.1,-0.259171884862461,0.270642499594593,0.95,0.09,1,100,"LL","Scenario4","Weak","Negative interaction","f2.0","gamma0"
1096,"f1.0",0.00608087171151713,0.112643037545793,0.0608087171151713,4.30006654699155,0.1,-0.214699481878237,0.226861225301271,0.93,0.14,1,100,"LL","Scenario4","Weak","Negative interaction","f1.0","alpha0"
1096,"f12.0",-0.00363748368176034,0.146823401307496,0.0181874184088017,1.95367615593388,-0.2,-0.291411350244453,0.284136382880933,0.98,0.25,1,100,"LL","Scenario4","Weak","Negative interaction","f12.0","beta0"
1096,"f2.0",0.00472804040985578,0.103986730375377,0.0472804040985578,2.6528112387421,0.1,-0.199085951125883,0.208542031945595,0.95,0.15,1,100,"LL","Scenario4","Weak","Negative interaction","f2.0","gamma0"
1808,"f1.0",0.0104367052450801,0.0935929868228861,0.104367052450801,3.38914760374625,0.1,-0.173005548927777,0.193878959417937,0.94,0.25,1,100,"LL","Scenario4","Weak","Negative interaction","f1.0","alpha0"
1808,"f12.0",-0.00102014509591605,0.130005539474242,0.00510072547958024,2.43866764119292,-0.2,-0.25583100246543,0.253790712273598,0.93,0.38,1,100,"LL","Scenario4","Weak","Negative interaction","f12.0","beta0"
1808,"f2.0",0.00302136512012047,0.0802564261982593,0.0302136512012047,2.728834781206,0.1,-0.154281230228468,0.160323960468709,0.97,0.23,1,100,"LL","Scenario4","Weak","Negative interaction","f2.0","gamma0"
2980,"f1.0",-0.00345108550714025,0.0676753335161289,-0.0345108550714025,1.3330655624899,0.1,-0.136094739198753,0.129192568184472,0.95,0.33,1,100,"LL","Scenario4","Weak","Negative interaction","f1.0","alpha0"
2980,"f12.0",0.0101449136451687,0.088651581889903,-0.0507245682258436,0.841558631876765,-0.2,-0.163612186859041,0.183902014149379,0.95,0.51,1,100,"LL","Scenario4","Weak","Negative interaction","f12.0","beta0"
2980,"f2.0",-0.00294511680544243,0.0592135297188472,-0.0294511680544242,1.16075929526172,0.1,-0.119003635054383,0.113113401443498,0.97,0.28,1,100,"LL","Scenario4","Weak","Negative interaction","f2.0","gamma0"
20,"f1.0",0.67207607443837,2.16742818024606,3.36038037219185,4.35226175568048,0.2,-3.5760831588439,4.92023530772065,1,0,1,99,"LL","Scenario6","Moderate","Negative interaction","f1.0","alpha0"
20,"f12.0",-0.882898600779742,3.03019096111264,1.47149766796624,6574.56613044922,-0.6,-6.82207288456052,5.05627568300103,1,0.0101010101010101,1,99,"LL","Scenario6","Moderate","Negative interaction","f12.0","beta0"
20,"f2.0",0.742094462370836,2.21613164975645,3.71047231185418,5.11655663354381,0.2,-3.6015235711518,5.08571249589347,1,0,1,99,"LL","Scenario6","Moderate","Negative interaction","f2.0","gamma0"
33,"f1.0",0.174042777378183,1.34857936751435,0.870213886890916,2.19720432640831,0.2,-2.46917278294995,2.81725833770631,0.95,0.01,1,100,"LL","Scenario6","Moderate","Negative interaction","f1.0","alpha0"
33,"f12.0",-0.0809793575388125,1.56770413323761,0.134965595898021,2.67178549347799,-0.6,-3.15367945868452,2.9917207436069,0.95,0.08,1,100,"LL","Scenario6","Moderate","Negative interaction","f12.0","beta0"
33,"f2.0",0.127983748407805,1.29248747984763,0.639918742039027,6.438764493666,0.2,-2.40529171209354,2.66125920890915,0.98,0,1,100,"LL","Scenario6","Moderate","Negative interaction","f2.0","gamma0"
54,"f1.0",0.00282753017439197,0.61371992137057,0.0141376508719598,4.17165370865381,0.2,-1.20006351571193,1.20571857606071,0.96,0.02,1,100,"LL","Scenario6","Moderate","Negative interaction","f1.0","alpha0"
54,"f12.0",0.00243770715152097,0.843317135398415,-0.00406284525253495,2.07395108699402,-0.6,-1.65046387822937,1.65533929253241,0.96,0.06,1,100,"LL","Scenario6","Moderate","Negative interaction","f12.0","beta0"
54,"f2.0",0.0232565555532521,0.574681867104183,0.11628277776626,8.67920617621451,0.2,-1.10311990397095,1.14963301507745,0.98,0,1,100,"LL","Scenario6","Moderate","Negative interaction","f2.0","gamma0"
90,"f1.0",0.113965820738625,0.492291625951729,0.569829103693126,3.34566233658767,0.2,-0.850925766126763,1.07885740760401,0.96,0.02,1,100,"LL","Scenario6","Moderate","Negative interaction","f1.0","alpha0"
90,"f12.0",-0.0660104016153475,0.622044043039272,0.110017336025579,258959.315030226,-0.6,-1.28521672597232,1.15319592274162,0.96,0.16,1,100,"LL","Scenario6","Moderate","Negative interaction","f12.0","beta0"
90,"f2.0",0.0979837210341018,0.499873171838787,0.489918605170509,2.5142229839289,0.2,-0.881767695769921,1.07773513783812,0.96,0.04,1,100,"LL","Scenario6","Moderate","Negative interaction","f2.0","gamma0"
148,"f1.0",0.0159451056037944,0.283436241160282,0.0797255280189722,3.42481982556463,0.2,-0.539589927070358,0.571480138277947,0.99,0.05,1,100,"LL","Scenario6","Moderate","Negative interaction","f1.0","alpha0"
148,"f12.0",-0.0198759252330791,0.427028118024986,0.0331265420551318,1.45990159979257,-0.6,-0.856851036562052,0.817099186095893,0.98,0.32,1,100,"LL","Scenario6","Moderate","Negative interaction","f12.0","beta0"
148,"f2.0",0.017580143438913,0.307170443238746,0.0879007171945649,4.8991907611831,0.2,-0.584473925309029,0.619634212186855,0.98,0.07,1,100,"LL","Scenario6","Moderate","Negative interaction","f2.0","gamma0"
244,"f1.0",0.0198389283154646,0.197702376504231,0.099194641577323,2.06533213264785,0.2,-0.367657729632827,0.407335586263756,0.97,0.07,1,100,"LL","Scenario6","Moderate","Negative interaction","f1.0","alpha0"
244,"f12.0",-0.0190037915605115,0.35800785288186,0.0316729859341859,0.943425117938369,-0.6,-0.720699183208957,0.682691600087934,0.94,0.47,1,100,"LL","Scenario6","Moderate","Negative interaction","f12.0","beta0"
244,"f2.0",0.0104098687606357,0.245504842710432,0.0520493438031783,3.77490888910985,0.2,-0.470779622951811,0.491599360473083,0.94,0.15,1,100,"LL","Scenario6","Moderate","Negative interaction","f2.0","gamma0"
403,"f1.0",-0.00721797041851333,0.199504008851822,-0.0360898520925666,1.71756893726284,0.2,-0.398245827768084,0.383809886931058,0.92,0.17,1,100,"LL","Scenario6","Moderate","Negative interaction","f1.0","alpha0"
403,"f12.0",0.0167783253144165,0.263215125262278,-0.0279638755240275,0.747752622225899,-0.6,-0.499123320199648,0.532679970828481,0.95,0.62,1,100,"LL","Scenario6","Moderate","Negative interaction","f12.0","beta0"
403,"f2.0",-0.0139895543729233,0.172970304799307,-0.0699477718646167,1.72440763262337,0.2,-0.353011351779564,0.325032243033718,0.96,0.11,1,100,"LL","Scenario6","Moderate","Negative interaction","f2.0","gamma0"
665,"f1.0",-0.0100968708151662,0.140522693369147,-0.0504843540758309,3.23471618182929,0.2,-0.285521349818693,0.265327608188361,0.97,0.27,1,100,"LL","Scenario6","Moderate","Negative interaction","f1.0","alpha0"
665,"f12.0",0.0169246046347077,0.213312035873759,-0.0282076743911795,0.454815795507369,-0.6,-0.40116698567786,0.435016194947275,0.96,0.8,1,100,"LL","Scenario6","Moderate","Negative interaction","f12.0","beta0"
665,"f2.0",-0.0131932437558652,0.13429282881231,-0.0659662187793259,12.0764995488544,0.2,-0.276407188227992,0.250020700716262,0.95,0.25,1,100,"LL","Scenario6","Moderate","Negative interaction","f2.0","gamma0"
1096,"f1.0",0.00549942381763153,0.0995699232708273,0.0274971190881576,1.02842974258337,0.2,-0.18965762579319,0.200656473428453,0.99,0.5,1,100,"LL","Scenario6","Moderate","Negative interaction","f1.0","alpha0"
1096,"f12.0",-0.0288079960375239,0.149494246459101,0.0480133267292065,0.269171490921671,-0.6,-0.321816719097361,0.264200727022314,0.97,0.98,1,100,"LL","Scenario6","Moderate","Negative interaction","f12.0","beta0"
1096,"f2.0",0.00893667735837093,0.105316706439013,0.0446833867918547,0.876757086208198,0.2,-0.197484067262094,0.215357421978836,0.98,0.47,1,100,"LL","Scenario6","Moderate","Negative interaction","f2.0","gamma0"
1808,"f1.0",-0.00984881110302049,0.080013962869054,-0.0492440555151024,0.895442881502781,0.2,-0.166676178326366,0.146978556120325,0.97,0.56,1,100,"LL","Scenario6","Moderate","Negative interaction","f1.0","alpha0"
1808,"f12.0",0.0195816046329173,0.126925262090119,-0.0326360077215288,0.22059258633085,-0.6,-0.229191909063716,0.26835511832955,0.94,1,1,100,"LL","Scenario6","Moderate","Negative interaction","f12.0","beta0"
1808,"f2.0",-0.00872452337696503,0.0824945583300061,-0.0436226168848251,0.602656191444409,0.2,-0.170413857703777,0.152964810949847,0.95,0.64,1,100,"LL","Scenario6","Moderate","Negative interaction","f2.0","gamma0"
2980,"f1.0",0.00845366294530967,0.0636051640141741,0.0422683147265484,0.358162841923928,0.2,-0.116212458522472,0.133119784413091,0.95,0.91,1,100,"LL","Scenario6","Moderate","Negative interaction","f1.0","alpha0"
2980,"f12.0",-0.00878358522362097,0.0984448739154709,0.014639308706035,0.160280005208803,-0.6,-0.201735538097944,0.184168367650702,0.94,1,1,100,"LL","Scenario6","Moderate","Negative interaction","f12.0","beta0"
2980,"f2.0",0.00691237390421018,0.0722651363682841,0.0345618695210509,0.381218244997887,0.2,-0.134727293377627,0.148552041186047,0.92,0.85,1,100,"LL","Scenario6","Moderate","Negative interaction","f2.0","gamma0"
